bug,fix,code,fix_distance,find_bug_time,fix_bug_time
6b6b604215c6,3c1dae0a07c651526f8e878d223a88f82caa5a50,,1.0,49512463.0,49512463.0
95f0b77ef,70479c012b67b89e219c40eddc5dc338b7c447a3,,1.0,7341384.0,7341384.0
75bf47ebf6b5,ca857cc1d4cf17aba4bbb3b95d35454ad96924b3,,1.0,3633933.0,3633933.0
13c589d5b0ac,f5c16f29bf5e57ba4051fc7785ba7f035f798c71,,2.0,5004734.0,19865408.0
02051ca06371,cd0e0ca69109d025b1a1b6609f70682db62138b0,,2.0,32592107.0,134272962.0
80548b03991f,c4c613ff08d92e72bf64a65ec35a2c3aa1cfcd06,,1.0,10278112.0,10278112.0
1ea29b39f4c812ec,c7de8500fd8ecbb544846dd5f11dca578c3777e1,,2.0,111967734.0,111967735.0
41d2e4949377,d5421ea43d30701e03cadc56a38854c36a8b4433,,2.5,145303256.0,258846528.0
0a53bc07f044,8cf80a2e4b313d1aba7d10ce6ebfbb44a119c66c,,2.0,2007322.5,2009100.0
84601dbdea36,66e31a72dc38543b2d9d1ce267dc78ba9beebcfd,,1.5,32561143.0,67021769.0
67ab7f596b6adbae,834392a7d92677ff2bdc1c709b1171ee585b55c9,,1.0,312838198.0,312838198.0
1453863fb02a,5269e7067cd66f4797760f160be21ff50f2d1582,,1.0,1343752.0,1343752.0
f80fb3a3d508,b9c220b589daaf140f5b8ebe502c98745b94e65c,,1.0,15739494.0,15739494.0
0d7df906a0e78,e3b5e1ec75234fb6b27708a316cdf69f9fb176a8,,1.0,2645795.0,2645795.0
51fd36738383,9a1ec4eb6f3722a65a267bb7d14c371d73f66c5b,,1.0,3016555.0,3016555.0
dce4551cb2ad,9688f9b020263c4a17471d09bb18e34eccc1c0a5,,1.0,63362.0,63362.0
87d5e4155c00,8e96440e8d42da0dab02cae125ea59e2b64c77fe,,1.0,2600508.0,2600508.0
eac1e731b59e,74f1282114acc7d67e25745efe200f020f823c8a,,1.0,2986133.0,2986133.0
e32ea7e74727,ed0dfffd7dcd3f517b1507929642c2aed4ef00fb,,1.75,318525.0,955573.0
d1f1b9cbf34c,24e4b075d899e5376dfa39fecd1dbc12bddc1e98,,1.0,133256.0,133256.0
b9be6f18cf9e,4c7d6dcd364843e408a60952ba914bb72bafc6cc,,1.0,1548902.0,1548902.0
b8a7a3a66747,6d4e56ce977864b0fcd28c61555060e6010aa89b,,1.0,9415889.0,9415889.0
ef9e1cdf419a3,9861ff954c7e83e2f738ce16fbe15f8a1e121771,,1.0,57379255.0,57379255.0
b6a2fea39318,98da7d08850fb8bdeb395d6368ed15753304aa0c,,2.5,19733038.0,313420841.0
4b94ffdc4163,eb7d78c9e7f6418932bd5fbee45eb46d5ab05002,,2.0,28.5,1227132.0
d285203cf647,0c958ecc69c277b25f38f72bc6d18ab145e8167c,,1.0,47104428.0,47104428.0
5b06bbcfc2c6,7ee18d677989e99635027cee04c878950e0752b9,,1.4,1228869.6,1228870.0
0c72c50f6f93,16a67eb3ec21ddb557d064a6901ec4629e96b94c,,2.0,7988236.0,15415677.0
a0e72cf12b1a,d64d02ce4ebaa79bf1c026e81a956f133938af65,,1.0,3658801.0,3658801.0
ed2f549dc0f6,62cbe860c5c381432f0d46f08f39d205074c5edf,,1.0,42394715.0,42394715.0
666d5b4c742b,4b92894ee70c9110c083aa60b0663d357495864d,,1.0,7104023.0,7104023.0
c03f2c536818,b1e18768ef1214c0a8048327918a182cabe09f9d,,3.0,15640166.0,242707904.0
6a0b6174d35a,7810e09bfba56bc0f2aff705ca7086e6c1f103f6,,1.0,515761.0,515761.0
f2ae04c45b1a,81898a44f288607cb3b11a42aed6efb646891c19,,1.0,6595771.0,6595771.0
658bcdae9c67,db08948b97180a3c9f49ce91caf1fb643a8110be,,1.0,6159942.0,6159942.0
538af88ea7d9de24,22802bf742c25b1e2473c70b3b99da98af65ef4d,,1.0,10506527.0,10506527.0
80b28791ff04,f53f41597e57d6989dbefdd494a36867292499aa,,1.0,5872556.0,5872556.0
aee636c4809f,19fc99d0c6ba7d9b65456496b5bb2169d5f74cd0,,1.0,41132509.0,41132509.0
d52c9750f150,f09444639099584bc4784dfcd85ada67c6f33e0f,,1.0,4755248.0,4755248.0
ba82664c134ef,ec5b5ad6e272d8d6b92d1007f79574919862a2d2,,1.0,102306724.0,102306724.0
f0f56716fc3e,fd17ed684b6e33312cdcd9270b1fece9df266103,,1.0,1468901.0,1468901.0
12a169e7d8f4,1137b5e2529a8f5ca8ee709288ecba3e68044df2,,4.0,49476268.0,226106447.66666666
19372e2769179dd,efcfec579f6139528c9e6925eca2bc4a36da65c6,,1.0,81079713.0,81079713.0
e7175a692765,008c6753f7e070c77c70d708a6bf0255b4381763,,1.0,13715012.0,13715012.0
1256ea18875d,75af23c4736c5633894ea0baf9bca1cf6b248ca4,,1.0,32449618.0,32449618.0
f214f915e7db,a27fd7a8ed3856faaf5a2ff1c8c5f00c0667aaa0,,1.0,17982154.0,17982154.0
4c1ec1f930154,7459e1d25ffefa2b1be799477fcc1f6c62f6cec7,,2.5,18041641.0,159023301.0
668592492409,f0fcdc506b76e924c60fa607bba5872ca4745476,,1.0,6372566.0,6372566.0
bcdbde433542,ba24eee6686f6ed3738602b54d959253316a9541,,1.0,90262544.0,90262544.0
c25323c07345,76ce7cfe35ef58f34e6ba85327afb5fbf6c3ff9b,,1.3333333333333333,36369926.666666664,53324237.0
f409079bb678,c470bdc1aaf36669e04ba65faf1092b2d1c6cabe,,2.0,32756899.0,109298597.0
3b463ae0c626,543b8f8662fe6d21f19958b666ab0051af9db21a,,3.0,191977931.0,281365097.0
36e8164882ca,06cf35f903aa6da0cc8d9f81e9bcd1f7e1b534bb,,1.0,8312807.0,8312807.0
4c3523623dc0,7ceb781a1aa0356086e2bdc76bcd953fcb7ac377,,2.5,11072655.0,52632947.0
724b2aa15126,bf50082c15eb2bc47d1922e70f424c57f36646d5,,1.0,5048563.0,5048563.0
2d3391ec0ecc,1faa9d3a3ea7852761ff403f5a9d4a409c0bb199,,1.0,232922811.0,232922811.0
abda97c2fe874,8fb88201b4303159638976c2c4c4769fc89d64d1,,1.0,2918657.0,2918657.0
9ac33b0ce81f,e0cdcda508f110b7ec190dc7c5eb2869ba73a535,,1.0,32042033.0,32042033.0
3fb69c6a1a13,f2b67ef90b0d5eca0f2255e02cf2f620bc0ddcdb,,1.6666666666666667,13679080.666666666,29250374.666666668
0a2aa8fbb969,fd114ab22dd14ded1783b7f9b0aaddc14c098fe0,,1.0,97844595.0,97844595.0
a98ee79317b4,c7f7e2feffb0294302041507dfd5fc15f01afccc,,2.0,6889980.0,9832254.0
5e95329b701c,c8cf89f73f3d9ecbdea479778f0ac714be79be33,,3.0,50655251.0,72713481.0
6fe6611ff275,2271150bfb814b72ec57ae2fdf66e39da2eafafd,,1.0,35722114.0,35722114.0
22a613e89825,a4afb3ed430af793702c32ff2e68613263291e81,,1.0,8720115.0,8720115.0
89aa075832b0,198bf1b046e370a7d3987b195cff5f1efebec3ac,,1.0,796100.0,796100.0
3a9f5957020f,c5857e3f94ab2719dfac649a146cb5dd6f21fcf3,,1.0,14952880.0,14952880.0
ce4a4e565f52,5dd0b16cdaff9b94da06074d5888b03235c0bf17,,1.0,682811.0,682811.0
ebece7539242,8ea6bb8e4d47e07518e5dba4f5cb77e210f0df82,,2.0,9640751.0,32049468.0
f6e6ab1d16ec,5b43af6d25461d7de293e0704d3b4631dda9b1e8,,1.0,974364.0,974364.0
947cbb0ac242,4671fc6d47e0a0108fe24a4d830347d6a6ef4aa7,,1.0,24830256.0,24830256.0
18743d2781d0,c3f134fb395d3903f4c7cad53a9a844b2673ce9f,,1.0,10329802.0,10329802.0
de98ced9e743,5a8067c0d17feb7579db0476191417b441a8996e,,3.5,105634767.0,183166500.0
7533fdc0f77f,b47c62c5de2bc43a26bcaca8d7a93bf9dee66ffe,,1.0,207598.0,207598.0
5aa3771ded54,7422edce73559d2985f322145c865cea2da3c152,,1.0,2349823.0,2349823.0
7f26cb88014a,a9a251c2aea5aaeb004eac4e6c2b86383347ce9f,,1.0,72450.0,72450.0
5fd96123ee19,4682a0358639b29cf69437ed909c6221f8c89847,,2.0,24939026.0,39442106.0
0366a1c70b89,099bc4812f09155da77eeb960a983470249c9ce1,,2.0,98615675.0,195961797.0
692d7b5d1f91,46a1695960d0600d58da7af33c65f24f3d839674,,1.5,6666751.5,11084054.0
dbe4058a6a44,6b32c126d33d5cb379bca280ab8acedc1ca978ff,,1.0,79073729.0,79073729.0
2c87d6a94d16,6457c20e336867fc90286d35bddcc9c0b0aaa936,,1.0,630218.0,630218.0
b58f28f306db,f0b1ca623d8df5dad977f22a1142a81a886b0eb8,,1.0,3811409.0,3811409.0
3e32cb2e0a12,c12176d3368b9b36ae484d323d41e94be26f9b65,,1.5,22753011.5,28523278.0
30b0463a9394d9,efad8a853ad2057f96664328a0d327a05ce39c76,,1.3333333333333333,189345523.0,199774475.0
84e0c4e5e2c4,8caad1da223c361e2804b76d68405b1abe7886ff,,1.0,3617567.0,3617567.0
e525f8a6e696,9d0ca444d0b317d31acf6f8fc18ac6f478518924,,2.0,12696112.0,19196802.0
6b59808bfe48,197f6accacdaf9a0cf4da3c4ac8dd788633c0e38,,1.0,256642.0,256642.0
8237f8bc4f6e,0149385537e6d36f535fcd83cfcabf83a32f0836,,1.5,30708099.5,37412272.0
63a4681ff39c,51590df4f3306cb1f43dca54e3ccdd121ab89594,,1.0,51306893.0,51306893.0
5335ba5cf475,c0a717f23dccdb6e3b03471bc846fdc636f2b353,,1.9,184274.0,21794310.0
bd3dda9ab0fb,3a9e9a47092e302f3c75ababebfc16e196400a93,,1.0,1263420.0,1263420.0
487f05e18aa4,bd903afeb504db5655a45bb4cf86f38be5b1bf62,,1.0,35471494.0,35471494.0
67800f9b1f4e,3dd1c9a1270736029ffca670e9bd0265f4120600,,1.0,93970717.0,93970717.0
b4d72c08b358,2d2ebb3ed0c6acfb014f98e427298673a5d07b82,,1.2307692307692308,70076804.0,84842052.76923077
9445464bb831,b6af53b7d6fa40262c16753fe2781a3e792d5e1b,,1.0,2335171.0,2335171.0
5a3ad937bc78,6530a5eb99954699743885e800d88be88752d1ab,,2.0,1.0,4526017.0
9f9c4180f88d,16652a936e96f5dae53c3fbd38a570497baadaa8,,2.0,168714593.0,169583768.0
1a476abc723e,5a7423993007d08bfc7b982451eca0526f51744d,,1.0,989795.0,989795.0
5de73ee46704,326ce603015eefaa86fc6e490f43638e1010a838,,1.5,2760872.5,5220641.0
c0e88ff0f256,5d4c9bfbabdb1d497f21afd81501e5c54b0c85d9,,5.5,1807720.0,113102552.0
931bc0d91639f8fb,db0acbc475f06c775682ba969ab338e1efa2ae96,,1.0,6424960.0,6424960.0
0f5a5712ad1e,10715127e4f6f5e0e78f2e6d575e5238a3cc9a1f,,1.0,1203991.0,1203991.0
db65a3aaf29e,aa3a022094fac7f6e48050e139fa8a5a2e3265ce,,1.0,9132633.0,9132633.0
e126ba97dba9e,a8237b32a3faab155a5dc8f886452147ce73da3e,,1.0,26104052.0,26104052.0
acc9ab601327,917dc6068bc12a2dafffcf0e9d405ddb1b8780cb,,1.6666666666666667,19585932.333333332,21692584.0
eb781397904e,7a4b813cb739ce598ffbad2e84d19d13fa23e25d,,1.5,73123199.5,73123200.0
b868db94a6a7,96be65d12d792b3e177505db1225e1ec4f9cf5cd,,1.0,634174.0,634174.0
b5e2ced9bf81,806e30873f0e74d9d41b0ef761bd4d3e55c7d510,,1.0,166918.0,166918.0
b430eaba0be5,74a96b51a36de4d86660fbc56b05d86668162d6b,,1.0,95913465.0,95913465.0
55917a21d0cc,96d9703050a0036a3360ec98bb41e107c90664fe,,2.0,70568882.0,70665476.0
5a023cdba50c,65f87ee71852a754f7981d0653e7136039b8798a,,1.0,4863769.0,4863769.0
c5c4d92e70f3,0099103926b68e6675a1be4644848f5b1c1b6f97,,1.5,545304.0,1090607.0
2bcd3ecab773,ce0210c12433031aba3bbacd75f4c02ab77f2004,,1.4,2184343.8,3380879.4
b5cdae3291f7,bbbe211c295ffb309247adb7b871dda60d92d2d5,,3.0,7764587.0,12360212.0
36e53349b60b,35b842f25b603028fab7ff11b54a4410ee345c8a,,1.0,334801.0,334801.0
1690d8bb91e37,8cbd468bdeb5ed3acac2d7a9f7494d5b77e46297,,1.0,3739635.0,3739635.0
31b515106428,f7b76ac9d17e16e44feebb6d2749fec92bfd6dd4,,3.0,9895180.333333334,15413380.0
5130c6e55531,1334bb94cd8a21217cb0c186925f9bc9d47adafc,,1.0,1369185.0,1369185.0
31847b67bec0,f6aad2615c8c4ed806e70693adacb6c93f13564a,,1.0,10896641.0,10896641.0
f632a8170a6b,9787aed57dd33ba5c15a713c2c50e78baeb5052d,,1.0,-953755.0,-953755.0
84d043185dbe,c55d0e8c543bfd21f0dce73024e5f6a9a306b834,,1.0,1902340.0,1902340.0
bf7696a12071,dd242a080d178c36442a0bb28b6acf6f126d0569,,1.5,10958288.0,14258118.0
01412261d994,c58c49ac630979a285d574b3f72a528209515fb3,,1.0,823141.0,823141.0
73d58118498b,42b1bd33dcdef4ffd98f695e188bab82f9fa46d8,,1.0,5108089.0,5108089.0
46d075be585e,0bfdf598900fd62869659f360d3387ed80eb71cf,,5.5,100689696.5,295289458.0
7dbe8c62ceeb,0634a2dc9566de977970c78a06c7ea15cd9c890f,,1.0,5094908.0,5094908.0
c7ab0b8088d7,a24cae7012b59bfe1aed01fe3fc13d81b7b97b08,,1.0,3122722.0,3122722.0
cd21379b1698,0af205ea6c35ad540d638351ce37457e3ee2bac8,,3.0,6022949.0,6044457.0
3bd4f9112f87,0caa7616a6aca449dd68b58cb29bd491d296c2d5,,1.0,2289793.0,2289793.0
43b169db1841,5c7f48dd14e892e3e920dd6bbbd52df79e1b3b41,,3.3333333333333335,58028168.0,218056788.0
c6cd0eefb27b,6cab7a37f5c048bb2a768f24b0ec748b052fda09,,1.0,18648377.0,18648377.0
fdbe574eb693,6b0c54e7f2715997c366e8374209bc74259b0a59,,5.0,-286372.0,81751766.0
882981f4a411,0fbb37dd82998b5c83355997b3bdba2806968ac7,,2.0,24524593.0,34013416.0
a57500903093,217e8b16a43a1780e77607dc019c5f3b26fab48a,,1.0,3715378.0,3715378.0
836e9494f448,bd9d6e0371d147b710f549b55d7b44008264aa06,,1.0,7607958.0,7607958.0
99691c4ac112,13c92e82e821d87e388a73ffeddeb62d753dab96,,1.0,3258729.0,3258729.0
5f852be9e11d,4eeaa4f3f1d6c47b69f70e222297a4df4743363e,,4.714285714285714,31501921.85714286,260322794.7142857
9169051617df,dd85ebf681ef0ee1fc985c353dd45e8b53b5dc1e,,1.0,26441403.0,26441403.0
7ebc194d0fd4bb0f,a158531f3c92467df0e93e000d58185acae78a6e,,1.0,9164180.0,9164180.0
dcab8ecd5617,3ce4a03852d6dd3fd28c2fb2ee9f89bb9ccf9a9b,,3.0,34072644.0,64956634.0
33023fb85a42,8f28b178f71cc56eccf2a6e2c0ace17c82f900d7,,1.0,6620748.0,6620748.0
f2467b6f64da,85a23cee3f2c928475f31777ead5a71340a12fc3,,1.6666666666666667,19292979.666666668,32823975.0
be40364544bd,6f2c9bd85eee30fd77e6c65c097769ad0d6d7352,,1.0,6665359.0,6665359.0
90120d15f4c3,55448d85ae2f7f2b6c43d66946146ec89b4eb088,,1.0,1541517.0,1541517.0
64aba9bca5bd,42e4cedd67e4eb2abaa5e684353a55d4a01a913e,,1.0,1873281.0,1873281.0
aef9a7bd9b67,0a5191efe06b5103909206e4fbcff81d30283f8e,,2.0,103817264.0,103817265.0
588bff95c94e,7c70b896951c84d63e6d71b82668f9c8b8bbd440,,1.625,19444836.125,37568627.125
90db024f140d,7363cb7de3999e84243bca79ffea257fd86a2cc6,,1.0,8920390.0,8920390.0
88a172526c32,1cc54078d104f5b4d7e9f8d55362efa5a8daffdb,,1.0,70544503.0,70544503.0
687b81d083c0,62c19c9d29e65086e5ae76df371ed2e6b23f00cd,,1.0,18427885.0,18427885.0
dc12b124353b,062c5fff31be2e5324067859ef24a748f59ca029,,1.0,598092.0,598092.0
109bade9c625,bd46fc406b30d1db1aff8dabaff8d18bb423fdcf,,1.0,11403338.0,11403338.0
722ccf416ac2,8f1bd8f2ad2358d6a88c115481ff3e69817d1bde,,1.0,19240382.0,19240382.0
582ab27a063a,b40b3e9358fbafff6a4ba0f4b9658f6617146f9c,,3.0,2783566.0,53378812.0
95d6ebd53c79,ee74d0bd4325efb41e38affe5955f920ed973f23,,1.0,103290.0,103290.0
e7f063ae1a31,fd8d26adc9a909c0c099265cb62d5e5ec2a87e7e,,1.0,624257.0,624257.0
687937ab3489,74c12c630fe310eb7fcae1b292257d47781fff0a,,2.0,5330111.0,57266812.0
d7b9eaff5f0c,0cdefd5b5485ee6eb3512a75739d09a4090176ed,,1.0,22824444.0,22824444.0
a50fe0ffd76f,39f37095990a39a0ee24f7621d06e9a6da6cd815,,1.0,455711.0,455711.0
a43c0eb8364c022,9ab3ac233a8b4ffcc27c8475b83dee49fc46bc76,,1.0,7040105.0,7040105.0
4e6da0fe8058,6961cd4d0fde97f1cdb798ba21cf124ecfa0bf95,,2.0,28196512.0,29926854.0
2650d71e244f,c941e0d172605731de9b4628bd4146d35cf2e7d6,,1.0,142668447.0,142668447.0
96d4f267e40f,074400a7be61250d9f0ccec07d5c35ffec4d8d22,,1.0,23401.0,23401.0
db288c9c5f9d,1f6ae47ecff7f23da73417e068018b311f3b5583,,1.5,60458283.5,63981822.0
f68d2b1b73cc,27e91ad1e746e341ca2312f29bccb9736be7b476,,3.0,28425499.0,75106419.0
c338412b5ded,082df8be455ade361748f0385aa6c9c8d07be167,,3.6666666666666665,80368525.66666667,118177916.0
d3ba5a9a345b,b6b3b80fceb175c825ad6c72659e0a72e201fc5f,,1.0,91236.0,91236.0
779d986d60de,8956f0014ea5ed824aae3816fd9e52cf3c85b9d4,,1.0,6405934.0,6405934.0
5f597bb2be57,438881dfddb9107ef0eb30b49368e91e092f0b3e,,1.5,44940670.0,86317508.0
c877154d307f,bacfa94b08027b9f66ede7044972e3b066766b3e,,1.0,43404544.333333336,43404544.333333336
1e941d39493f,f3df44e7c9869b7691a4a0b57fa39ca47060b424,,1.0,-1570819.0,-1570819.0
7ee0d4e97b88,eecd618b45166fdddea3b6366b18479c2be0e11c,,1.0,5357349.0,5357349.0
ec776ef6bbe1,917db484dc6a69969d317b3e57add4208a8d9d42,,1.25,46530337.0,46615107.0
3adcc300603e,220675eb2e485519afbe7f3b457f7ce883086482,,1.0,4251445.0,4251445.0
8069e69a9792,a752fbb4b4644d09964e76c69ccd1acc700e907a,,1.0,5123868.0,5123868.0
9abf0c2b717a,9518259ffc87328676bf2c2041348c5181856f96,,1.0,6667555.0,6667555.0
d99b601b6338,d27e5e07f9c49bf2a6a4ef254ce531c1b4fb5a38,,1.0,211852811.0,211852811.0
f6bc11e42646,22e3817e6c8301dc0520b855c8a2d764580e719c,,2.0,4.0,33524687.0
5700f69178e9,f3bc78d2d4b489590540ab2788d5376583e28173,,1.0,6000709.0,6000709.0
ede9622162fa,a068b94d74ddb7776ca707b6d39d1ac0d2d057e6,,1.0,10727462.0,10727462.0
72ea403669c7,9ca641b0f02a3a1eedbc8c296e695326da9bbaf9,,1.0,30604763.0,30604763.0
e38e486d66e2,6fd739c04ffd877641b01371f9fde67901e7f9cb,,1.0,1072950.0,1072950.0
a8613e7070e7,478016c3839d53bd4c89af1f095195be543fa1a3,,1.0,2520491.0,2520491.0
09c9bae26b0d3c9472cb6ae45010460a2cee8b8d,7b9bc799a445aea95f64f15e0083cb19b5789abe,,3.0,6566310.0,206812277.0
e82b9b0727ff,264b563b8675771834419057cbe076c1a41fb666,,1.0,8903231.0,8903231.0
1bc9e47aa8e4,58995a9a5b292458f94a2356b8c878230fa56fe0,,1.0,13907269.0,13907269.0
8924feff66f3,52bce91165e5f2db422b2b972e83d389e5e4725c,,1.0,8187289.0,8187289.0
023a019a9b4e,91173c6e18ab410fac12667656ab7cc3363687cc,,1.0,1573792.0,1573792.0
4562fa4c86c9,c74067a0f776c1d695a713a4388c3b6a094ee40a,,1.0,2401083.0,2401083.0
e509bd7da149,4717f133736dec10605da9e29e707144c8d486df,,1.0,3109557.0,3109557.0
ff740aefecb9,fbcd49838d9094ca45772356e7b33afe4b7c93e7,,1.125,2891389.5,3304445.0
c053b5a506d3,73cc0b9aa9afa5ba65d92e46ded61d29430d72a4,,3.0,0.0,2851866.0
1511cc750c3d,67b8fbead4685b36d290a0ef91c6ddffc4920ec9,,1.0,40312909.0,40312909.0
06d392cbe3db,d1f4c966475c6dd2545c6625022cb24e878bee11,,1.0,5441263.0,5441263.0
f7354ccac844,397d2300b08cdee052053e362018cdb6dd65eea2,,2.0,4924257.0,8477434.0
52791eeec1d9,f704985b1e7ea0f9fde1cfb1354d57593ba62fcb,,1.0,4440935.0,4440935.0
feb26ac31a2a,1a744d2eb76aaafb997fda004ae3ae62a1538f85,,1.0,32526308.0,32526308.0
239b0e52d8aa,4d2b8517ba1f3aba9a952ebf153ec972a127c80c,,1.0,968496.0,968496.0
b00a726a9fd8,b00c9b7aa06786fc5469783965ff3e2a705a1dec,,2.6666666666666665,26893782.666666668,43863791.0
045ee45c4ff2,a2022001cebd0825b96aa0f3345ea3ad44ae79d4,,1.0,27028855.0,27028855.0
3cdfcbfd32b9,ad47ff3e33503e0969db2d4f9a40942aa6414598,,1.0,1751607.0,1751607.0
f11b2a1cfbf5,1047ec868332034d1fbcb2fae19fe6d4cb869ff2,,2.0,162412571.0,166799197.0
9a2eba337cace,d77ef138ff572409ab93d492e5e6c826ee6fb21d,,1.0,39520540.0,39520540.0
6ffb55e5009ff,fc3f6ad7f5dc6c899fbda0255865737bac88c2e0,,1.5,26368018.0,30253619.0
7c30f352c852,60b0a8c3d2480f3b57282b47b7cae7ee71c48635,,1.0,2155871.0,2155871.0
75186a9b09e4,86a76027457633488b0a83d5e2bb944159885605,,1.0,73894.0,73894.0
637cd060537d,25e6be21230d3208d687dad90b6e43419013c351,,1.0,9764313.0,9764313.0
8c779229d0f4,a030f9767da1a6bbcec840fc54770eb11c2414b6,,1.0,12280016.0,12280016.0
8820b68bd378,b9670ca20abcdd1587c15f8cf2d39edce5d2f37d,,1.0,10518646.0,10518646.0
e7096c131e51,9981159fc3b677b357f84e069a11de5a5ec8a2a8,,1.0,5003391.0,5003391.0
d5b844a2cf507,074376ac0e1d1fcd4fafebca86ee6158e7c20680,,1.5,140812.0,220139.0
5ea3b1b2f8ad,c633324e311243586675e732249339685e5d6faa,,2.5,8206752.0,86809538.5
56ceecde1f29,fcdefccac976ee51dd6071832b842d8fb41c479c,,1.0,89054479.0,89054479.0
5b9cce4c7eb069,8e00c4e9dd852f7a9bf12234fad65a2f2f93788f,,1.0,3574277.0,3574277.0
1f718f0f4f97,03d84a5f83a67e692af00a3d3901e7820e3e84d5,,1.3333333333333333,49108792.666666664,72425313.0
a09db883e5d9,9f9b25593ab4197318e3621201588ad8cd525c9b,,1.0,792021.0,792021.0
7aab2d534e35,6a800eabba34945c2986d70114b41d564bad52a8,,1.0,1018129.0,1018129.0
ce657b1cddf1,9a4e7849b5e4e8742d71fa90fbf0722dd0710a56,,1.0,6057681.0,6057681.0
dd65f7e19c69,475feec0c41ad71cb7d02f0310e56256606b57c5,,1.0,12374990.0,12374990.0
21c29de1d09,1059b687d002526452366b2307b2f94e30dd59cf,,1.0,14502411.0,14502411.0
f9d9db47d3ba,f5cd21605ecd249e5fc715411df22cc1bc877b32,,1.2857142857142858,12454117.285714285,17410420.42857143
438a506180,abee210500ed15a22787009d9210b9a34911afcc,,1.0,4746075.0,4746075.0
d241d4aac93f,100ec4bf09679583d45316fcf13611f66a8d0f88,,1.0,253693.0,253693.0
24f8e00a8a2e,40149f00fb55263cf10066bafc8470d33b1ddcfc,,1.0,41366.0,41366.0
c97ee3e0bea2,a969cf42e5fecbbcc04354dd22b851daa6ab5b30,,1.0,253663.0,253663.0
2be2a3ff42a5,27bbd23fe8e66edfff4c0e92eb9eb39c37856831,,1.0,4928422.0,4928422.0
40609d4820b2,fc0c77fcbfb7c8e022a0bd655eeb7fa5f9bb1684,,1.0,568360.0,568360.0
bbbe775ec5b5da,43cb86799ff03e9819c07f37f72f80f8246ad7ed,,2.5,54778641.0,97037334.0
7e7a436ecb6e,48e0a6559dd8e6aa87841270868423b23076220e,,2.0,8969334.0,70577072.0
1a92f989126e,47b6b604b2bf396e110e7c2e074fef459bf07b4f,,1.0,8582701.0,8582701.0
4c5dae59d2e9,4e841d3eb9294ce4137fdb5d0a88f1bceab9c212,,2.0,10223936.0,16761715.666666666
064cdd2d91c2,32e36bfbcf31452a854263e7c7f32fbefc4b44d8,,1.0,83536691.0,83536691.0
0ef34ad6222a,fb6f0b64e455b207a636346588e65bf9598d30eb,,1.6,30055098.8,40916507.6
a9acc26b75f6,e0a12445d1cb186d875410d093a00d215bec6a89,,1.0,9253032.0,9253032.0
7fcfa9a2d9a7,58b3bafff8257c6946df5d6aeb215b8ac839ed2a,,1.0,22296009.0,22296009.0
4900727d35bb,99e48bf98dd036090b480a12c39e8b971731247e,,1.0,352210.0,352210.0
34d0b5af50a0,195bce73bd10bb939950c1591606185404de281d,,3.0,695578.0,262004755.0
9b42c1f179a6,e2612cd496e7b465711d219ea6118893d7253f52,,1.0,18693612.0,18693612.0
4c9706dc2f29,f4ca70ef931fc7191d6de2feedffb81eccec1982,,4.0,49180289.0,100037869.0
8d9d4bdc495f,fbbfb3f83e7866d953a26aa9a8c5e75e9ff11952,,1.0,3259472.0,3259472.0
00ea6e5fda9d,72fcd2bed719c6587dfea74e30bcdf6f9b64b18e,,1.5,1493001.5,1493002.0
be3d960b0aeb,dc6276f57617344c9e78332c682ea1e982527e09,,1.5,853950.5,1707900.0
3c83dd577c7f,b630806d7ce2051a3306fa6f1cfa31bc870d7c4b,,1.0,2060171.0,2060171.0
9b45b7bba3d2,27710b8ea3defcbd7d340dbd0423d911b4eb7c4f,,2.0,2.0,314030.0
b01141f4f59c,7b366142a50ad79e48de8e67c5b3e8cfb9fa82dd,,1.0,51403743.0,51403743.0
8bf960985dfc,1f2112af11e4c330cd070464e95ba9f546b8959b,,1.0,601846.0,601846.0
6931007cc90b,883461679ad1ed6e09135adf8c02bb98d7962623,,1.0,995866.0,995866.0
4f2fec00afa60,3181c38e4df257852a0c0a53552fd5c869402886,,1.0,7177351.0,7177351.0
554c8aa8ecad,7059b36636beab57c3c43c62104483e5449bee95,,1.0,11044283.0,11044283.0
71ce391dfb784,8354491c9d5b06709384cea91d13019bf5e61449,,1.2,34748560.2,43435700.0
7ffd948fae4c,78a16d9fc1206e1a484b6ac96348756f3846bfea,,1.6,14945611.0,18753614.6
029efb3a03c5,d211650a87edc7f4130651c0ccbc0a4583fd72d3,,2.0,4601403.0,56844242.0
ddee09c099c3,7cc851039d643a2ee7df4d18177150f2c3a484f5,,1.0,37939151.0,37939151.0
d6ddfacd95c7,11d55fd9975f8e46a0e5e19c14899544e81e1e15,,1.0,42948788.0,42948788.0
78cbccd3bd68,8af8e1c22f9994bb1849c01d66c24fe23f9bc9a0,,1.0,25011130.0,25011130.0
1bd8e0a9d0fd1,948a7287b29e06b8c629f5e70235d857a175ceaf,,1.0,3796544.0,3796544.0
edd8ed496b98,01ec65c812ef829c815d2f37a97cc4eb7925f8ae,,1.0,793825.0,793825.0
263c9959c937,00ae05db583a7b5d5575bb601158139e25af3b02,,1.0,1042245.0,1042245.0
83910ad3f51fb,3c613a3bddd322c87677604d81e267fee22c6f14,,1.5,7728544.5,7732028.0
23f75d7dfa92,971f1b38f960f8093228c07d92f19885fc719455,,1.0,759414.0,759414.0
8d5d45fb1468,8c0826756744c0ac1df600a5e4cca1a341b13101,,2.0,217784952.5,323354318.0
10d1f8cb3965,87bf4f71af4fb162033fbd98b4252ec11a715dbe,,1.0,8183892.0,8183892.0
b82ce24426a4,8861249c740fc4af9ddc5aee321eafefb960d7c6,,1.0,2564877.0,2564877.0
423ad7b3cbd1,1e871d65e375280757833d9fce91dda71980bdf5,,1.0,19027186.0,19027186.0
76d5692a5803,e9a330c4289f2ba1ca4bf98c2b430ab165a8931b,,1.0,2096714.0,2096714.0
515db266a9da,fb583c8eeeb1fd57e24ef41ed94c9112067aeac9,,1.0,1188471.0,1188471.0
b2d24b97b2a9,a9f2f6865d784477e1c7b59269d3a384abafd9ca,,1.0,24936813.0,24936813.0
60db3a4d8cc9,62ce94a7a5a54aac80975f5e6731707225d4077e,,1.0,13194666.2,13194666.2
34db70b92fae,33e962c8871f015f5c8978384553dddcf5b81b22,,1.0,771148.0,771148.0
60b2b4ee2bc0,2a96d8ad94ce57cb0072f7a660b1039720c47716,,1.0,2866681.0,2866681.0
f54b311142a9,a181ceb501b31b4bf8812a5c84c716cc31d82c2d,,1.0,991345.0,991345.0
f6810c15cf97,37f6b42e9c2966b08c7df5cfddc0d73c39cead4a,,1.0,15142059.0,15142059.0
90b1e7a57880,799b601451b21ebe7af0e6e8f6e2ccd4683c5064,,1.0,153993759.0,153993759.0
16f906d66cd7,eed50879d64ab1b9f76445dbab822e43a098b309,,1.0,2674357.0,2674357.0
cd4a4ae4683dc2,698cef173983b086977e633e46476e0f925ca01e,,1.0,20175370.0,20175370.0
3783689a1,85d492f28d056c40629fc25d79f54da618a29dc4,,2.0,8.0,22548797.0
5ff9d8a65ce8,25d202ed820ee347edec0bf3bf553544556bf64b,,2.0,13986808.0,81487823.0
a4499382,df88f3181f10565c6e3a89eb6f0f9e6afaaf15f1,,1.0,4160747.0,4160747.0
edb39c9deda8,b0c26a79d6993b280931f8e2b406ca4b220bb58f,,1.0,41479642.0,41479642.0
be086e7c53f1,6f359f99b8c2ff3b09329611da00fe39a7c10e7e,,1.0,749409.0,749409.0
dd1aa2524bc5,7314d22a2f5bd40468d57768be368c3d9b4bd726,,1.0,22185628.0,22185628.0
6f3da20e151f,3b4acbb92dbda4829e021e5c6d5410658849fa1c,,1.0,2425371.0,2425371.0
8f9327cbb6e8,eb39a7c0355393c5a8d930f342ad7a6231b552c4,,1.0,74350606.0,74350606.0
172ae5b4c8c1,16ee20619f636abc4c72b4215f5cb9cf2f3e1b5b,,1.0,3210339.0,3210339.0
a4c3733d32a7,6a1ce99dc4bde564e4a072936f9d41f4a439140e,,1.0,8376690.0,8376690.0
32d7b19bad96,6ed66c3ce095ae65bbc976b5817c318653745736,,1.0,3858067.0,3858067.0
874443fe9e33,ca88696e8b73a9fa2b1de445747e9235c3a7bd50,,1.3333333333333333,24942628.0,32381205.0
ca748c39ea3f,7608bf40cf2480057ec0da31456cc428791c32ef,,4.0,1.0,23149302.0
ede95a63b5e8,fdadd04931c2d7cd294dc5b2b342863f94be53a3,,1.0,4276988.0,4276988.0
0184165b2f42,1ddcf41ff3ee790d19978f7bee1ab76a77a5eb7b,,1.5,1293802.0,1992822.0
728480f12442,a6dd04807ce4d7b71920d996e6b84fa3733a1bfd,,1.0,1003450.0,1003450.0
70725d6e97ac,77416ab35f5712382e5a792bfa1736ceb70d5bbb,,2.5,11403289.0,39831578.0
7373a8cc38197,41b80db227993394f210f0eb705a326db5f605b6,,1.0,7003448.0,7003448.0
75437bb304b20,89340d0935c9296c7b8222b6eab30e67cb57ab82,,1.0,83958222.0,83958222.0
b592211c33f7,940bc471780b004a5277c1931f52af363c2fc9da,,1.0,19332568.0,19332568.0
4c5b9d9642c8,1edf8abe04090c4f41a85e42c66638be1ee69156,,1.0,11067108.0,11067108.0
5a0d0a6161ae,6ed63d845e7866ff1a0eac9f0fa554fdf2c64e1d,,2.0,38974072.333333336,104378361.0
16981d763501c0e0,91a90140f9987101d730b7dad8c6406321285da8,,1.0,168286.0,168286.0
d7c51706d095,74457c40f97a98142bb13153395d304ad3c85cdd,,1.0,14430863.0,14430863.0
e70d59700fc3,f84775c2d5d92581f2df60d53b574b0405c85be3,,1.0,3473974.0,3473974.0
e9add8bac6c6,8e88c29b351ed4e09dd63f825f1c8260b0cb0ab3,,1.0,13240561.0,13240561.0
8d6f08272b6f,6e05899dc80af26a21746485bb72e9410f03ad36,,1.0,587293.0,587293.0
ceca7b712,c1fbb258846dfc425507a093922d2d001e54c3ea,,1.5,16593239.0,30204148.0
fa01e2ca9f53,4c4fc90964b1cf205a67df566cc82ea1731bcb00,,1.0,33360585.0,33360585.0
52d6a5ee101bf,7d3beab16dd9eee86bb1a4dd05b51159fc7772f0,,1.0,41939093.0,41939093.0
630d30a4ee27,10223df2c183df65674ec584dd95e2adced40d99,,1.0,3901504.0,3901504.0
bdfe4cebea11,ccdf3aaa27ded6db9a93eed3ca7468bb2353b8fe,,1.0,59441165.0,59441165.0
3904b28efb2c,630e7ab470498f671cea00301f21246333fba2fa,,1.0,1208615.0,1208615.0
f89120b6f554,4d1796ef5e01b665747db1a876abe160d1cdad9c,,1.0,37839798.0,37839798.0
db7f5eef3dc0,e2efc424549eb66d227dfe6d073d1789a24bc698,,1.0,3878208.0,3878208.0
89dbf1962aa63,24b87a16fee0ebd49b66e8523186ace7ea09ad12,,1.0,35029422.0,35029422.0
8cecf52befd7,3a2fa775bd1d0579113666c1a2e37654a34018a0,,1.0,77213961.0,77213961.0
d40e98c13b3e,9d826ce8122fc634c1b67bc6f8985ccfbd565d86,,1.0,6566595.0,6566595.0
7757d607c6b3,77754cfa09a6c528c38cbca9ee4cc4f7cf6ad6f2,,1.0,196868.0,196868.0
ba7af5ec5126,be7594a424b4de7473b3d726635c3bf6aa19a86e,,1.0,5714439.0,5714439.0
08426eda58e0,4c8702b3cd43322ca97fdc7f647e273a7388a0c6,,1.0,641399.0,641399.0
64b875f7ac8a,c70d9d809fdeecedb96972457ee45c49a232d97f,,1.25,12402824.5,16314725.0
aaac3ba95e4c,01b3f52157ff5a47d6d8d796f396a4b34a53c61d,,1.0,4563373.0,4563373.0
07f6c4bc048a,9dbbfb0ab6680c6a85609041011484e6658e7d3c,,3.25,16685105.5,66203088.0
5692fae0742d,dec43da46f63eb71f519d963ba6832838e4262a3,,1.0,66568336.0,66568336.0
f121e0ea9586,6f4e02193c9a9ea54dd3151cf97489fa787cd0e6,,1.5,3445421.0,6809744.0
018423e90bee8,f38f1ee8aeb2c19f65fc29de49bed231a868198c,,2.5,59951065.0,70828296.5
216646e4d82e,5ba9b0a14132d0b8d97affe909f324045a968d03,,1.0,1254853.0,1254853.0
1fc44d9b1afb,6bb2a2af8b1b38a5e33984f5fdda2638317ed8fd,,1.0,298280.0,298280.0
e368fdb61d8e,460b360104d51552a57f39e54b2589c9fd7fa0b3,,1.0,274766.0,274766.0
2b514574f7e8,73ed5d25dce0354ea381d6dc93005c3085fae03d,,1.25,14089729.25,14948594.0
5c51277a9ababfa4,ec98a4975e66a3aa366cd227edab027b01adea37,,1.5,565358.5,824031.0
77c97b4ee21290f5,521c646108ed199d19c5c73978aaca3e18ca8f81,,1.0,2670649.0,2670649.0
55b9b50811ca,e9516c0813aeb89ebd19ec0ed39fbfcd78b6ef3a,,1.5,4693469.5,9386938.0
2722e56de6,c4cf0935a2d8fe6d186bf4253ea3c4b4a8a8a710,,10.0,48103044.0,116132198.0
e0d795e4f36c,ad0ccac76dcc92c3331f4c94c9fc54f8bf1ab20c,,2.0,124630771.0,282002007.0
e978de7a6d38,66b51b0a0341fd42ce657739bdae0561b0410a85,,1.0,1467611.0,1467611.0
c56a831ca47e,d114e8543520a7b8fa99a95ae59c0a918f1add11,,2.0,36406879.0,40112825.0
11294d63ac91,9a901f5495e26e691c7d0ea7b6057a2f3e6330ed,,1.0,6507551.0,6507551.0
1494276000db,6d281b1f79e194c02125da29ea77316810261ca8,,3.0,35484454.0,58456597.0
d6ed93551320,fafa35cce34ba4c4f6fd7f1026c038de0a2884af,,1.0,16579484.0,16579484.0
9317bb69824e,b4411457d5c9062f07f0762f1ddb513d90dd1379,,1.0,1508527.0,1508527.0
56299fb7d904,24754d751cb86f6069315d8d613e23afcab06c91,,1.3333333333333333,215486.66666666666,323229.0
e52a632195bf,82b5d164415549e74cfa1f9156ffd4463d0a76e2,,1.0,3368161.0,3368161.0
d4ff1b3917a5,a62bd63893027bfa32fccbba0e0ac067824c362c,,1.0,144610.0,144610.0
7d6f7fb053ad,ed24d568bd9190cee046ae64df5890494dea2ca4,,1.5,2371077.0,8295765.5
ad4b1eb5fb33,bea37414453eb08d4ceffeb60a9d490dbc930cea,,1.0,31558516.0,31558516.0
906c7d690c3b,6246f283d5e02ac757bd8d9bacde8fdc54c4582d,,2.0,86135945.0,104319003.0
e8ed73f691bd,4b707fa00a80b19b80bc8df6f1cbf4bdd9c91402,,2.0,7316529.0,20247381.0
140623410536,193e87143c290ec16838f5368adc0e0bc94eb931,,1.0,11345233.0,11345233.0
6608804b3d7f,bdcc02cf1bb508fc700df7662f55058f651f2621,,1.0,62506453.0,62506453.0
343723dd51ef,4853f128c13ed2731625dff2410b7fdbe540fb26,,1.0,520427.0,520427.0
a0dd7b79657b,3c5445ce3a0c6d6935911212b735772af5115517,,1.0,8058668.0,8058668.0
2c0dbaa0c43d,d98985dd6c2dc69e2ad5f5482a5237fb9487ed99,,1.0,656351.0,656351.0
745b361e989a,4557d4bedc9c4c51201a8e802a6671ed8dfc0f41,,1.0,21618050.0,21618050.0
2c0ae1720c09,74ddda71f44c84af62f736a77fb9fcebe5bb436a,,1.0,161561905.0,161561905.0
21cb3222fe56,25f700ef0653d7644ed273f8770230e734cae726,,1.0,1762685.0,1762685.0
0b665d304028,7a57c09bb1cb89239f38f690b87cdf2c7db76c34,,1.5,9609562.0,29690702.0
a2c12493ed7e,872687f626e033b4ddfaec1e410057cfc6636d77,,1.0,-6322020.0,-6322020.0
d2ceb7e57086,0df68ced55443243951d02cc497be31fadf28173,,1.0,28890917.0,28890917.0
bda7b072de99,028091f82eefd5e84f81cef81a7673016ecbe78b,,1.0,46558854.0,46558854.0
0410c3bb2b88,90be9b86da9039fe6cf2880dc16fd0b0899603a5,,2.0,1.0,19327326.0
2e43bb31b8df,8af526e035357d2df1d7cacc51bcde0a5d9f9f9f,,3.0,1.0,8487618.0
eb02c38f0197,b346e492d7127e4332d5a9989b844b2095cc4fcd,,1.0,2390788.0,2390788.0
c6a0637460c2,859783d1390035e29ba850963bded2b4ffdf43b5,,2.0,11537754.0,72059755.0
cae86d4a4e56,40d24c4d8a7430aa4dfd7a665fa3faf3b05b673f,,1.0,201889506.0,201889506.0
f26cdc8536ad,f42d79ab67322e51b92dd7aa965e310c71352a64,,1.0,11626342.0,11626342.0
9ba1f726bec09,6b96686ecffcbea85dcb502e4584e4a20a2bfb29,,1.0,5194194.0,5194194.0
2eafd72939fd,3786dc454fa4c10b129acc0535705f1c5a64fc72,,1.0,4506440.0,4506440.0
63572937cebf,209b7955e59e361fe8ba1911fac68f46355ac0cf,,1.0,5363738.0,5363738.0
f1b0a4343c41,73df167c819e49d65576e3015f2b1385034baafb,,1.0,33864151.0,33864151.0
642261ac995e,957ac8c421ad8b5eef9b17fe98e146d8311a541e,,3.0,9241505.0,32144562.0
9e794b6bf4a2,a1a745ef980a1b48299ead4ea7990e62c0516f6e,,2.0,1.0,22106475.0
b3528b487448,c04571251b3d842096f1597f5d4badb508be016d,,1.0,6991887.0,6991887.0
ddcad7e9068eb,5f74db105b1c0980c9863e7a7d1bc0525e0316e8,,1.3333333333333333,4419383.333333333,6138432.0
b6b6cc9acd7b,56627336b655494356a23e65200c21718a1c3b2b,,1.5,935129.5,935130.0
d7bfba7296ca,54d6477dca3b65b7b77a903fe60a9447bc836e7f,,2.3333333333333335,8525963.666666666,19697544.0
9b61e302210e,226584aedd94acd61ffa51fb69bcf6b3309a7b8f,,1.3333333333333333,4689529.0,6414721.0
051fb70fd4ea,3e8b571a9a0881ba3381ca0915995696da145ab8,,1.0,19053475.0,19053475.0
78137e3b34e1,1cee38f0363a88db374e50b232ca17b9a4c12fa0,,2.0,320935878.0,360561217.0
65cab850f0ee,f275ee0fa3a06eb87edc229749cf1eb18f0663fa,,1.0,2580819.0,2580819.0
890274c2dc4c,8150a153c013aa2dd1ffae43370b89ac1347a7fb,,1.0,1714518.0,1714518.0
ac96287cae08,012749caf9419f22636891259b664c6dd383e897,,1.0,15095319.0,15095319.0
237fead619984,2c2a7552dd6465e8fde6bc9cccf8d66ed1c1eb72,,4.0,2321456.0,421751079.0
ad202074320c,733ade23de1b72c1f11c5e4a1a9020a6f48decd2,,1.0,1627780.0,1627780.0
e5224f0fe2ac,caeccd5180930eb8586771bb1935f4f2e456a8e8,,2.0,149545.0,149546.0
47dd7a540b8a0,b723bd933980f4956dabc8a8d84b3e83be8d094c,,3.5,155364905.0,328101131.0
1dbf7f299f90,21d4de1469a1da20a14a745c5f49488bba417ea7,,1.0,1795836.0,1795836.0
46c0ee8bc4ad,b977b644ccf821ab1269582f7efe1d0d85faa1f6,,5.0,138947719.5,361578899.0
b8fd1f4170e7,d042566d8c704e1ecec370300545d4a409222e39,,1.0,14957803.0,14957803.0
1e52fefc9b0c,d304286abbbe7ed6228a553a56ba054e900907eb,,1.0,19904484.0,19904484.0
3a762dbd5347,47d8e00ca3f9269498b4333d5c787f1442ebdbb6,,1.0,4817996.0,4817996.0
dabac6e460ce,f10ff380fd7dfba4a36d40f8dd00fe17da8a1a10,,1.2,683204.4,854004.0
a23740ec43ba,2dedd7d2165565bafa89718eaadfc5d1a7865f66,,1.0,162356.0,162356.0
6f428df47dae,00c8ebb360937bbc5da02929d62fcbf6a72801eb,,1.0,1873079.0,1873079.0
bccec89f0a35,c40c461e1944b9cfb520e04184ec1e5c80fb210b,,1.25,16634705.375,17705835.0
964fff7491e4,d6b8bd679c9c8856fa04b80490765c43a4cb613b,,1.0,850056.0,850056.0
a76e9bd89ae7,78579b7c7eb45f0e7ec5e9437087ed21749f9a9c,,2.0,24669126.0,34956924.0
9b8ad3fb81ae,489261c45f0ebbc1c2813f337bbdf858267f5033,,2.0,86894817.0,86894818.0
c1901cd33cf4,e4b3448bc346fedf36db64124a664a959995b085,,2.3333333333333335,-4293621.333333333,24938197.0
c93ac39da0064,7f2f61377bcad5e14d7faf38d4d4317c7d984e71,,1.0,2238736.0,2238736.0
f070ef2ac667,b6653b3629e5b88202be3c9abc44713973f5c4b4,,1.0,2941070.0,2941070.0
5b3b16880f,474435a058309cf1a253dbd77cac2ab89c75d4a6,,1.0,335956106.0,335956106.0
a6db4494d218,6174a30df1b902e1fedbd728f5343937e83e64e6,,1.0,62554775.0,62554775.0
6685ac62b2f0,96541bac0b4e62efa42e7900d9b32e6baa9a214c,,1.3846153846153846,11363818.76923077,16413272.0
fd1102f0aade,0ce5671c4450527f90d2bfb31302f78580587983,,1.0,120946.0,120946.0
513510ddba96,1a3389ffc538a3a7b73335e84f33120a2f636f55,,1.25,81494767.5,82836007.0
b1bba80a4376,2be8ca97d07e1133e81cd3977bd1f94058b65489,,1.0,539927.0,539927.0
83ca7f5ab31f,7dc2993a9e51dd2eee955944efec65bef90265b7,,3.375,91115002.5,216913652.0
61cb5758d3c4,22782b3f9bb8ae21c710e2880db21bc729771e92,,1.0,8364459.0,8364459.0
6c0ca7ae292a,c854ab5773be1c1a0d3cef0c3a3261f2c48ab7f8,,1.5,33731752.5,41552529.0
03bf0c281234,4f2c6ae5c64c353fb1b0425e4747e5603feadba1,,3.375,12411921.625,32542027.0
620125f2bf8,e7597e69dec59b65c5525db1626b9d34afdfa678,,1.0,105735319.0,105735319.0
e7774049ff25,9786340acaa33b3722925125e2df358d14b8ee12,,1.0,6143182.0,6143182.0
09e05c3f78e9,f5956fafb00afab474c3886b6297f9b5e7aff722,,1.0,14956819.0,14956819.0
02bfeb484230,6302bf3ef78dd210b5ff4a922afcb7d8eff8a211,,3.0,19403603.5,32309153.0
ee06b1728b95,73e211e11be86715d66bd3c9d38b3c34b05fca9a,,1.0,69133603.0,69133603.0
508845196238,da7a692fbbab07f4e9798b5b52798f6e3256dd8f,,3.0,59288651.0,108852645.0
1f181225f8ec,64b80085dd3603d401fc05879f700b86a3a5c8e8,,1.0,1783211.0,1783211.0
c5df39262dd5,eb8ed1eb9a158c460d10205eaff71fd4ac67c160,,2.0,89592097.0,100558629.0
ab5a98b132fd,b670883bb9e55ba63a278d83e034faefc01ce2cf,,1.0,29601762.0,29601762.0
400c40cf78da,2a2a251f110576b1d89efbd0662677d7e7db21a8,,1.2,60812425.0,67872323.0
6975a783d7b4,5564597d51c8ff5b88d95c76255e18b13b760879,,1.5,168156230.5,240628979.0
cc20a7139836,89dca86d29b46f2a5f38ea6476cfd441bd205d25,,1.0,1090279.0,1090279.0
594ccc14dfe4d,9772b54c55266ce80c639a80aa68eeb908f8ecf5,,1.0,302890415.0,302890415.0
f072218cca5b,d4ed7463d02aef4b2270ec2a680813cd8b17def7,,2.0,2155326.0,4913297.0
1fe00d50a9e8,92d1d07daad65c300c7d0b68bbef8867e9895d54,,2.3333333333333335,48154354.0,144463056.0
1aa661f5c3df,6decd63acacb3b8de81ccc435cf9acea8b6bdfeb,,1.0,352161.0,352161.0
f5bfdc8e3947,345d52c184dc7de98cff63f1bfa6f90e9db19809,,1.0,882796.0,882796.0
6501c1f54a17,686f63616f4aede1356c1bc9fa4e9a92a123bcd6,,1.0,52114.0,52114.0
b6319b061ba2,e19ecbf105b236a6334fab64d8fd5437b12ee019,,1.0,13329553.0,13329553.0
4adda1122c490,cecae747b6208d40d08f8336393345093536b124,,1.6666666666666667,11257045.666666666,19289895.0
3269ee0bd668,f7116e115acdd74bc75a4daf6492b11d43505125,,1.0,114518632.0,114518632.0
8f50e358153d,75ae193626de3238ca5fb895868ec91c94e63b1b,,2.0,11519060.0,39601444.0
362899b8725b35e3,78e0ea6791d7baafb8a0ca82b1bd0c7b3453c919,,3.5,18202635.0,40347393.0
0ea5b2fd38db56aa,05c8478abd485507c25aa565afab604af8d8fe46,,2.0,8373793.0,27988020.0
668c9beb9020,c863850ce22e1b0bb365d49cadf51f4765153ae4,,3.0,7178468.0,26978530.0
a59a4d192166,7e14069651591c81046ffaec13c3dac8cb70f5fb,,3.0,48049634.0,90900963.0
69a94abb82ee,5e5ac01c2b8802921fee680518a986011cb59820,,1.0,8782090.0,8782090.0
df197195a5248,24595346d79b6bd98a77d24c493e8490639788fc,,1.0,7332880.0,7332880.0
52b209f7b848,8a545f185145e3c09348cd74326268ecfc6715a3,,2.0,6593.0,192540555.0
6566d1a32bf72,5c7e9ccd91b90d87029261f8856294ee51934cab,,1.0,45881047.0,45881047.0
5fe599e02e41,5a3cf86978a1ac433407704ec280919751aa2699,,1.25,19411468.75,25881958.0
fd2d2b191fe7,d09c5373e8e4eaaa09233552cbf75dc4c4f21203,,1.0,18769630.0,18769630.0
9df552ef3e21,9d45deb04c59b628b21fc5014aff4f9a1d38f969,,1.0,19526198.0,19526198.0
50de596de8be,3b6d1eb7ea65f4aa64115cf9ba02c190e5c9f6de,,1.0,1708127.0,1708127.0
1bc0eb044615,e791ce27c3f6a1d3c746fd6a8f8e36c9540ec6f9,,1.0,1471942.0,1471942.0
df4e8d2c1d2b,4fdb793ffe262cfc0b796d3b2cd05ca3b687deb9,,1.0,53357848.0,53357848.0
a400efe455f7,44a182b9d17765514fa2b1cc911e4e65134eef93,,1.0,4147026.0,4147026.0
9f993737906b,2719aa217e0d025dbfce74ac777815776ccec072,,1.3333333333333333,1327734.0,1991600.0
9919cba7ff71,ecf38679349f8f8ad4d67c69246e7f6c33460c95,,1.75,129350248.5,197006508.0
ec01aeb1803e,1276534c988ba752fa01bf090412a877ee783829,,1.0,8473135.0,8473135.0
f3000e1b43f1,7e6225a1604d0c6aa4140289bf5761868ffc9c83,,1.0,8379372.0,8379372.0
6361d72b04d1,ddec3bdee05b06f1dda20ded003c3e10e4184cab,,1.0,192296409.0,192296409.0
dd8d8d44df64,bc83f79bd2119230888fb8574639d5a51b38f903,,1.0,132612690.0,132612690.0
576ed913,4569180495600ac59f5cd27f67242a6cb51254f3,,1.0,23337951.0,23337951.0
630f4b70567f,2d52527e80c2dc0c5f43f50adf183781262ec565,,2.6666666666666665,37224701.0,92470469.33333333
a1fc1920aaaa,082df8be455ade361748f0385aa6c9c8d07be167,,2.6666666666666665,53025740.666666664,87692728.0
5c056fdc5b47,0fd3fd0a9bb0b02b6435bb7070e9f7b82a23f068,,2.3333333333333335,34645720.666666664,68702118.0
8de9e86c67ba,86f740f2aed5ea7fe1aa86dc2df0fb4ab0f71088,,1.1111111111111112,14320716.111111112,15162800.0
bb31b7cb106c,b10f32672946ad638a430cc4289029b7acf8e979,,1.0,16251681.0,16251681.0
9c8bb163ae78,3580d04aa674383c42de7b635d28e52a1e5bc72c,,1.6666666666666667,42469899.666666664,72009277.0
dc99f600698d,468479e6043c84f5a65299cc07cb08a22a28c2b1,,4.5,26959939.5,102607171.5
b5ebba46e694,22a5a4a44c43e2993e96183039aef71566e1a514,,1.0,499261.0,499261.0
37de98f8f1cf,3cd508a8c1379427afb5e16c2e0a7c986d907853,,2.0,13732246.0,31472912.0
2cba3ffb9a9d,f594bae08183fb6b57db55387794ece3e1edf6f6,,1.0,151575228.0,151575228.0
6b048706f407,88a83f3c2d7a87ce7c9c4171dec8e2fb48070288,,1.0,2677662.0,2677662.0
a481daa88fd4,0a6e21056eaa859353945c4b164f3ef574d84271,,2.0,1627234.0,3360949.0
cf6eb489e5c0,dee36a2abb67c175265d49b9a8c7dfa564463d9a,,1.5,229983305.0,284763386.0
6d28d577510f,8b3e6f8999f8d704fccce225b9455b3fa639d1c9,,1.5,12092937.25,14248537.0
d9b9ff8c1889,fba7cd681b6155e2d93e7862fcd6f970336b83c3,,1.0,29281429.0,29281429.0
d37d2b3c0ec2708a,5e2feac330953fe75197aecb20c781400e2bf606,,2.0,1416447.0,1985100.0
3434f3783580,c0d04e9112ad59d73f23f3b0f6726c5e798dfcbf,,1.3333333333333333,61853965.666666664,76808200.0
5e35dc0338d8,5d1b71226dc4d44b4b65766fa9d74492f9d4587b,,2.0,5874238.0,60803297.0
89896051f8da,39df730b09774bd860e39ea208a48d15078236cb,,1.0,65642798.0,65642798.0
219d27d7147e,5589b08e5be47e426158f659a892153b4a831921,,1.0,4985512.0,4985512.0
7b60f3d876156,7bd46644ea0f6021dc396a39a8bfd3a58f6f1f9f,,1.0,69709442.0,69709442.0
aa8188253474,ef13ecbc134d7e0ca4ab4834d08bd20885b53c62,,1.0,4216505.0,4216505.0
5c7e8bbb0257,36a73471e55967248a4911517ab8deb410882060,,1.0,10368207.0,10368207.0
91cc98f51e3d,9fae5c3b60396b8586881a0e7c028ae5bcaeaa3f,,1.125,2974517.875,3202495.0
84c6b86875e01a0,a29c8bb640ca13f5731510ceaf65a6e1fe6055c8,,2.0,1717832.0,2668523.0
35e015e1f577,a2d3f3e33853ef52e5f66b41c3e8ee5710aa3305,,1.0,1991788.0,1991788.0
da298c6d98d5,39034bb0c26b76a2c3abc54aa28c185f18b40c2f,,4.0,69079379.0,138978547.0
29e3880109e3,753c111f655e38bbd52fc01321266633f022ebe2,,1.0,8000408.0,8000408.0
e8620cff9994,29a0f5ad87e6f45c984ffffa57b7142d178ff422,,1.0,4706620.0,4706620.0
9b8a11e82615,dea4bd1975e36e3127a95e74c3670ea8d7f4796f,,1.6666666666666667,-5261151.333333333,6819272.0
72b252aed506,b385d21f27d86426472f6ae92a231095f7de2a8d,,4.0,11924127.0,33280772.0
1bacb0487d0e,e025da3d7aa4770bb1d1b3b0aa7cc4da1744852d,,2.0,44437249.0,152754062.0
41d07074154c,0041412694eca70387aee4076254fbed8222700a,,1.0,4243490.0,4243490.0
2defda1f4b91,6fb6e6371f8c463020a41cc0ed1915e140219c3d,,1.0,6732943.0,6732943.0
d9ff286a0f59,06a22d897d82f12776d44dbf0850f5895469cb2a,,1.0,15612790.0,15612790.0
fafaa4264eba,f683739539e819e9b821a197d80e52258510837b,,1.0,3626857.0,3626857.0
eaf47b713b60,23bf40424a0f641ca7ff4225add4aa592086bdd5,,1.0,3030783.0,3030783.0
1470ddf7f8ce,501a90c945103e8627406763dac418f20f3837b2,,4.4,67006219.2,276660419.0
9d80448ac92b,74c953ca5f6b4d5f1daa1ef34f4317e15c1a2987,,2.0,72787036.0,77751416.0
ea8c5356d390,46451874c7c9afaa4e014aea0f0970f886444e0d,,1.0,115021.0,115021.0
896de0090a85,d53ec8af56d5163f8a42e961ece3aeb5c560e79d,,1.0,7859866.0,7859866.0
57c36519e4b94,fa8db4948f5224dae33a0e783e7dec682e145f88,,1.0,1721672.0,1721672.0
e53cfe6c7caa,7f3ebcf2b1395e0248e56146041e1e5625fd2f23,,3.0,17633590.0,27415861.25
17c82e206d2a,532f9cd6ee994ed10403e856ca27501428048597,,1.0,76281178.0,76281178.0
d89b7379015f,52eb74339a6233c69f4e3794b69ea7c98eeeae1b,,2.0,41814827.0,43463795.0
31fdf1840170,bd9f07590a17f3158b51fb869dca723f1f606bdc,,2.0,64.0,4468824.0
76bb5db5c749,8348e0460ab1473f06c8b824699dd2eed3c1979d,,1.5,22960634.0,28942860.0
d519329f72a6,317d359df95dd0cb7653d09b7fc513770590cf85,,1.0,2326356.0,2326356.0
0378123c5800,207da7128a6d61a1ce3d052b3dfb10d237af6078,,1.0,1055973.0,1055973.0
773da9b358bf,e18077b6e5dfe26e9fbbdc1fd1085a1701c24bea,,1.75,3476235.25,5905354.0
53f9263baba69,b4330afbed0cdceeba33c4945158c55771047e81,,1.0,1809776.0,1809776.0
0a51b343abfe,bd5632b0989b180db1199f7fc6969dd4ca45643d,,1.0,3659836.0,3659836.0
167bc759e823,56c05de6bd773b96deca379370965c49042b5fbf,,2.0,10122065.0,22743612.0
e80541ecabd5,f125376b06bcc57dfb0216ac8d6ec6d5dcf81025,,1.0,22026163.0,22026163.0
17614445576b6,3253d9d093376d62b4a56e609f15d2ec5085ac73,,1.5,16751226.5,27551203.0
20380bb390a4,9f416319f40cd857d2bb517630e5855a905ef3fb,,2.0,41912906.0,67668860.0
d6895ad39f3b,d3252ace0bc652a1a244455556b6a549f969bf99,,1.0,42045492.0,42045492.0
5538409ba393,7e316572c9c547d5c8b9d86abb37576e2e5a470c,,2.5,36729202.5,53390195.0
c454a46b5efd,9e794163a69c103633fefb10a3879408d4e4e2c8,,2.0,250303.0,408956.0
c1a0e9bc885d,b03c1e3b8eed9026733c473071d1f528358a0e50,,2.5,10228969.0,30732625.0
99d31326cbe6,39b7b6a6247568f99df059e8a4c9bd674f6b99ac,,1.0,679188.0,679188.0
7d0857a54aed,d345ea2892ae7a2b70f84cf881c20731e43e4993,,1.0,13248830.0,13248830.0
890ed578df82,92c8026854c25093946e0d7fe536fd9eac440f06,,3.0,17674018.0,176687410.0
203d8a4aa6ed,12a6d2940b5f02b4b9f71ce098e3bb02bc24a9ea,,2.4,74486132.6,94900571.0
594ff7d067ca,58d876fa7181f2f393190c1d32c056b5a9d34aa2,,1.0,36871700.0,36871700.0
eac4eed3224b,a39644b235c1a45f84d6e16603cacb93740ed2d4,,1.0,3119219.0,3119219.0
384ca3c6a28d,41d107ad92b4b8abf103b62269c34da80320f212,,1.0,3241133.0,3241133.0
cbd357008604,0d0e57697f162da4aa218b5feafe614fb666db07,,1.3333333333333333,54985885.0,55094543.333333336
8ef4665aa129,8eb52a1ee37aafd9b796713aa0b3ab9cbc455be3,,1.0,67226393.0,67226393.0
e28c190db66830c0,11548f5a5747813ff84bed6f2ea01100053b0d8d,,1.0,74533494.0,74533494.0
0413d7f33e60,7763baace1b738d65efa46d68326c9406311c6bf,,1.0,7333857.0,7333857.0
e66774dd6f6a,be132e1375c1fffe48801296279079f8a59a9ed3,,2.6666666666666665,41897283.333333336,77062323.0
00512bdd4573,b2e1c26f0b62531636509fbcb6dab65617ed8331,,1.0,118554679.0,118554679.0
ba005e1f4172,8917bef336f5301edd616cfa97b97d0319fd0496,,4.0,67137279.0,298879159.0
985ead416df39,159ecc002b5f55f9c58de533551a2ee552861185,,1.0,207836.0,207836.0
ce57c6610cc2,7233b8cab39014620ac9534da11f0f3e506d8fd8,,1.0,4669208.0,4669208.0
10b518d4e6dd,6699170376ab941c1cc5c3bcefa766efc3575c73,,1.0,4269625.0,4269625.0
d254586c3453,6caf8a6d6586d44fd72f4aa1021d14aa82affafb,,2.0,124308630.0,157673918.0
c092921219d2,52e7128ebbdd7b05ba8615efbe410e88a5925a1d,,1.0,23876462.0,23876462.0
a68a63cb4dfc,478a2db82863db9f1c135111e78298e6ed5022f3,,1.0,757895.0,757895.0
11c8dc419bbc,be6d447e4f9c5cc6d48aabc3ec362b6a559c3fd7,,2.0,4.0,4237967.0
f05c83e77460,7cce8e4efe5e782e130f79f8d55fdad48f2db52d,,1.0,6623525.0,6623525.0
f44d5c8ac399,4833dc4bb98ec40010957215b8127a454bbaea8e,,1.0,47196058.0,47196058.0
bde51583f49b,3c4c37746c919c983e439ac6a7328cd2d48c10ed,,1.0,75328217.0,75328217.0
b0e8b3417a62,d961436c11482e974b702c8324426208f00cd7c4,,1.0,10004289.0,10004289.0
ca18d51d77eb,908b6e6e8ab4c1e0c3783be4c4b437ac6fa374ea,,3.0,-865109.0,50266750.0
8d0deca8c6e0,11df4d95b3ad9e6a6a6e0907bb200610a4d24887,,4.0,-13257480.0,22980374.0
9794c64f302d,01796ff2fa6e81b0d806e735308d8171bcbfbec7,,1.6,19642355.6,25225984.8
6da5b0f027a8,82ba25c6de200d7a9e9c970c998cdd6dfa8637ae,,1.0,18008419.0,18008419.0
7f1a57fdd6cb,3ffa6583e24e1ad1abab836d24bfc9d2308074e5,,1.75,34256360.0,81956367.0
e9024d519d89,aceb98261ea7d9fe38f9c140c5531f0b13623832,,1.0,32829192.0,32829192.0
c56675750d7c,ef2a007134b4eaa39264c885999f296577bc87d2,,1.0,18000502.0,18000502.0
80eae209d63ac,8cdc23a3d9ec0944000ad43bad588e36afdc38cd,,3.0,7800939.666666667,110065359.0
29ac8e856cb369,e6a9467ea14bae8691b0f72c500510c42ea8edb8,,1.5,64142684.25,75101427.0
626d84db64d7,1fe165b7e9c3e1b1cfa98310979db0814c7445ea,,1.0,536748.0,536748.0
a3baf649ca9c,570d8e9398011a63590c281a36cdce311196608e,,2.5,3.0,308910506.0
4400ac8a9a90,5f5e25f1c7933a6e1673515c0b1d5acd82fea1ed,,1.0,76835823.0,76835823.0
5bc7c1eb44f2,36dc621ceca1be3ec885aeade5fdafbbcc452a6d,,2.2,69279450.6,142834091.0
1d069bfa3c78,3f93a4f297961c12bb17aa16cb3a4d1291823cae,,1.0,93221235.0,93221235.0
80ff8063e87c,3419348a97bcc256238101129d69b600ceb5cc70,,1.0,134638688.0,134638688.0
abd29c931459,679152d3a32e305c213f83160c328c37566ae8bc,,3.0,6096331.8,15371542.0
9119fba0cfed,f967fc8f165fadb72166f2bd4785094b3ca21307,,1.0,22473269.0,22473269.0
8e2ec639173f325,3b4711757d7903ab6fa88a9e7ab8901b8227da60,,2.0,23964588.0,108527978.0
826cfe751f3e,a5a356cee89f86ff86cc3ce24136ca1f802c1bf1,,1.0,30592454.0,30592454.0
80cca775cdc4,f85de6666347c974cdf97b1026180995d912d7d0,,1.0,603722.0,603722.0
045a282ca415,3c9053a2cae7ba2ba73766a34cea41baa70f57f7,,1.0,220081798.0,220081798.0
ced39002f5ea,12ae030d54ef250706da5642fc7697cc60ad0df7,,1.0,54356359.0,54356359.0
db809859c8ce,c127f98ba9aba1818a6ca3a1da5a24653a10d966,,1.0,159943.0,159943.0
da32d3539fca,9a160601f3fb6ffa196b87d1b5643646be486405,,1.0,4482441.0,4482441.0
f905dd62be88,cd956722167ba4fdba9c1ce3eed251b04ea2e10f,,2.0,20049419.0,58538593.0
4c63c2454ef,2a362249187a8d0f6d942d6e1d763d150a296f47,,1.0,40321008.0,40321008.0
541ddc66d665,2bf4ecbcc7d837903c5967c9274f41b1ad29d530,,1.0,4237167.0,4237167.0
3e81a4ca51a1,ab2f336cb7e629de74d8af06bcaf6b15e4230e19,,2.0,0.0,3969522.0
8c755ace357c,12d3f49e1ffbbf8cbbb60acae5a21103c5c841ac,,2.5,5558355.5,42299350.0
85baf542d54e,26d5a3245b3f3ce406277e7584f7ccbbd5ea98bb,,3.0,14613331.0,178293991.0
8c2f7e8658df,452bae0aede774f87bf56c28b6dd50b72c78986c,,2.125,6237406.125,40736729.125
52675da1d087,74e56f5fde62c637e484d45ac1835ddf476ccee1,,1.0,36630092.0,36630092.0
bd2f348db503,b0e302b40873c0418aacaad2aa455bf867c9d1a2,,1.0,2233727.0,2233727.0
71ebc4d1b27d,e57121d08c38dabec15cf3e1e2ad46721af30cae,,2.0,3862268.0,41863272.5
91d57bae0868,c6503be587e9c5c0aac4e2b45de982352f676a5b,,2.0,1.0,1101936.0
5c090abf945b,2ccb4f16d013a0954459061d38172b1c53553ba6,,1.0,16262271.0,16262271.0
6147305c73e4,695277f16b3a102fcc22c97fdf2de77c7b19f0b3,,2.0,18189239.0,36378474.0
9901abf58368,b03bcde962606d2ee59a4e9dd470db9ad53c5418,,1.0,15626521.0,15626521.0
bc52497a595d,fe1497c019afb5398280379c29fd42827967174b,,1.0,15818272.0,15818272.0
3e68928b7d4c,3b6ac43b48576d7b38539c31b4e370b2e942c3aa,,1.0,166396.0,166396.0
6ac43272768c,675f7ff35bd256e65d3d0f52718d8babf5d1002a,,3.0,337903.0,699980.0
1f770c0a09da,da314c9923fed553a007785a901fd395b7eb6c19,,1.0,318126.0,318126.0
919c03ae11b9,3982f1df00df57768f0782bc702fc4fbea347ca2,,1.0,12614038.0,12614038.0
317ab5b86c8e,a8d570de0cc6acd6dc994515f163ccbc5e54ab60,,1.0,362297.0,362297.0
970239437493,dff751c68904cf587d918cfb6b2f5b0112f73bc9,,1.0,4475404.0,4475404.0
4b1a29a7f542,b6b76dd62c56f257cdd30900ed22668c42a74030,,1.0,5069086.0,5069086.0
80f09dfc237f,6cc070bdf07c8f6d5955d43da0560c9e5fd203b1,,1.0,324863.0,324863.0
d50a7d8acd78,ed40fad9a568efe83f5e80897ded71117b6911b3,,1.0,6928166.0,6928166.0
7a4c53bee3324a,a6bcfc89694ed8cb482a82cdc8b93aae63a8b691,,1.0,558118.0,558118.0
cb6aeb079294,92c43eb41669d8edbbfa3db45e89d2edcc55e2de,,1.0,13900837.0,13900837.0
07e4fead45e6,400f73b23f457a82288814e21af57dbc9f3f2afd,,1.0,194181.0,194181.0
3b36a8fd6777,01b3cdfca263a17554f7b249d20a247b2a751521,,2.0,47479159.0,316157984.0
be8a8d069e50,5ab03ac5aaa1f032e071f1b3dc433b7839359c03,,3.0,2.0,34313692.0
a149e7c7ce81,ec9c4215fef37da6668c4105f5ad3891aaa6527a,,1.0,14515049.0,14515049.0
e46c7287b1c2,0979962f5490abe75b3e2befb07a564fa0cf631b,,1.0,26943175.0,26943175.0
9d8cebd4bcd7,d05f0cdcbe6388723f1900c549b4850360545201,,3.625,87049020.125,133712160.5
7d2c6cfc5411,a8911d6d5878587767a78c6bde371298ca2a3be3,,1.1333333333333333,10478254.0,11410556.0
e17931d1a61d,ac4eebd48461ec993e7cb614d5afe7df8c72e6b7,,2.1666666666666665,27127203.666666668,41984554.0
21ff843931b2,1a012cb2569f2031b3636232c3ab21c20c92d281,,1.0,41968695.0,41968695.0
13100a72f40f,d9f4bb1a0f4db493efe6d7c58ffe696a57de7eb3,,1.8181818181818181,32431289.0,53953635.81818182
d705ff3818,a25557f2472c958536ef8b6a5bf340a008a651b3,,1.0,14089296.0,14089296.0
4de16969523c,9c4713701c01e4cef6e2315c2818abc919ffb0de,,1.0,16400394.0,16400394.0
a4a8c2c4962bb655,67732cd34382066ae5df313b6dad65ab14b9735f,,1.0,4549165.0,4549165.0
b9901fe84f02,3cf10132ac8d536565f2c02f60a3aeb315863a52,,2.0,52728745.0,107588974.0
e422267322cd,742015ff12ae27324b8ad2d28e43da6743529bad,,1.0,13375950.0,13375950.0
fabbbee0eb0f,a0bc01e0f1fa39702b5244b3bac699bea0d4f413,,1.0,7344963.0,7344963.0
39413ae00967,e08658a657f974590809290c62e889f0fd420200,,1.0,7569440.0,7569440.0
870f1bd1f5e9,7ff33bd321b1a1092ccf4b80a1742528754ecc30,,2.0,3796249.0,57977252.0
9ba723b081a2,a0b44eea372b449ef9744fb1d90491cc063289b8,,1.0,21441801.0,21441801.0
5e45e01916197,6f4deb18a505523eb7925d646574a95f9e982ff7,,1.0,21187911.0,21187911.0
0d78156eef1d,608cfbe4abaf76e9d732efd7ed1cfa3998163d91,,2.0,510816.0,75841884.0
5601236b6f794,f0783d43dde4bb349fcd667df0afabbdbab8b477,,3.3333333333333335,34810047.0,65646039.0
fd867d51f889,e7868a85e1b26bcb2e71088841eec1d310a97ac9,,1.0,90813.0,90813.0
8aeff920dcc9,467697d289e7e6e1b15910d99096c0da08c56d5b,,1.0,41267977.0,41267977.0
c9af28fdd449,4762cc3fbbd89e5fd316d6e4d3244a8984444f8d,,1.0,611944.0,611944.0
6dc72c3cbca0,52994c256df36fda9a715697431cba9daecb6b11,,1.0,2595012.0,2595012.0
a90118c445cc,7846f58fba964af7cb8cf77d4d13c33254725211,,1.0,1863526.0,1863526.0
6e58b8f1daaf1a,23d9cec07c589276561c13b180577c0b87930140,,1.0,29556094.0,29556094.0
40bb9d3147b2,cd9063757a227cf31ebf5391ccda2bf583b0806e,,1.0,12098353.0,12098353.0
af850e14a7ae,245db3c349e0b413e0fec8d6179f6b767649ad63,,1.0,4129772.0,4129772.0
2d0a7addbd10,9d021c9d1b4b774a35d8a03d58dbf029544debda,,1.0,62029909.0,62029909.0
e1891cffd4c4,383035211c79d4d98481a09ad429b31c7dbf22bd,,1.0,26064469.0,26064469.0
637241a900cb,d194e5d666225b04c7754471df0948f645b6ab3a,,2.0,4232943.0,64198625.0
095b6cfd69ce,358d79a47e5a8db83925241629252cfe64f225f7,,1.0,3653216.0,3653216.0
90efe0556292,c65e3d6ef4bfdc4c8460509f08507cf7dc026974,,1.0,36801029.0,36801029.0
1ecb195753a1,0f56623dc48aaee2ead9d61098fc6c2a2d864c78,,1.0,94931.0,94931.0
89ff725051d1,dc47c0c1f8099fccb2c1e2f3775855066a9e4484,,2.5,7867492.0,14365155.0
8182503df1ba,39fc8830eb96a559be8554b8df1e0c31f375feaf,,1.0,112240.0,112240.0
21fdd092acc7,7dd07c143a4b54d050e748bee4b4b9e94a7b1744,,3.0,353503.0,79938837.0
ec5d31e3c15d,325f85f37e5b35807d86185bdf2c64d2980c44ba,,2.0,5361178.0,8826856.0
8a1ab5d76639,45827d780aab533a777f965798018118b373cc0b,,2.3333333333333335,2945541.3333333335,4763272.0
06e8ccdab15f,d7c0d927ad5ca452201eae40f932712ac733c816,,1.0,55051215.0,55051215.0
20e4d81393,7bed45954b95601230ebf387d3e4e20e4a3cc025,,1.0,481725.0,481725.0
0e048316ff57,53dc20b9a3d928b0744dad5aee65b610de1cc85d,,1.0,18364340.6,18364340.6
7b732a750477,4d839dd9e4356bbacf3eb0ab13a549b83b008c21,,7.333333333333333,144938902.0,320265023.0
c7a402599504,bc3a8b295e5bca9d1ec2622a6ba38289f9fd3d8a,,2.5,1397627.0,23614970.0
37fdffb217a4,82eaa1fa0448da1852d7b80832e67e80a08dcc27,,1.0,10187905.0,10187905.0
8700e3e7c485,701b4bf6e3eeff1a856d6889e1ebb35edd6c019a,,1.0,5255063.0,5255063.0
354136bcc3c4,fd7dec25a18f495e50d2040398fd263836ff3b28,,1.0,6041545.0,6041545.0
f7a40873d2fa,40b503c76481aecf811a29a14a80c13b429b5e14,,1.0,426976.0,426976.0
be83bbf80682,423913ad4ae5b3e8fb8983f70969fb522261ba26,,1.0,689830.0,689830.0
8424e00dfd52,f7db2beb4c2c6cc8111f5ab90fc7363ca91107b6,,2.0,15830705.0,255696831.0
f3699e2c7745,f2b14c0bc510c6a8f67a4f36049deefe5d99a537,,2.0,2.0,6946128.0
3ba75830ce17,78e70e780b289ff59ec33a9f9c1fcecaf17a46e1,,1.0,6986246.0,6986246.0
357b2f3dd9b7,7e56f627768da4e6480986b5145dc3422bc448a5,,2.0,2927738.0,46558728.0
be0e54c4ebbf,d743dae6d1936160366a32f3400f03db1da9421b,,1.0,39398071.0,39398071.0
48fc7dbd52c0,f161ead70fa6a62e432dff6e9dab8e3cfbeabea6,,1.0,34524661.0,34524661.0
5283b03ee5cd,23abec20aa7034c5d49b62c0a668f7291c819fab,,1.0,2610131.0,2610131.0
f91c9d7610a,52759c0963510a2843774aac9b65ccaed3308dc0,,1.0,33071308.0,33071308.0
3f32d0be6c16,a1f8dd34e64af689e95122921fb2ca83dedd4c4e,,1.0,1352926.0,1352926.0
607126c2a21c,058f58e235cbe03e923b30ea7c49995a46a8725f,,1.0,322618617.0,322618617.0
d1667b86795a,bdf6f135973acb409b3ec5a6214fb597670a0bc0,,1.0,4933604.0,4933604.0
5a87182aa21d,12205a4b79bef56ef618a4b7caa840c5c971cff2,,1.3333333333333333,199319.83333333334,937475.0
7486216b3a0b,7b13558f242747db90e52fdc510441a2ed0bafba,,1.3333333333333333,16553330.0,17875564.0
dde634057da7,fa2dfd0ec22e0069c84dfae162972cbbc7c75488,,1.0,4576714.0,4576714.0
92b34a976348,16202c09577f3d0c533274c0410b7de05fb0d458,,1.0,55379663.0,55379663.0
f8c08d8faee5,ea0b163b13ffc52818c079adb00d55e227a6da6f,,1.0,36026088.0,36026088.0
aa00f2c8aff7,245c5c7b0863eda23e8cb1907e74579a42185888,,1.0,251353.0,251353.0
d0bd456074,aa66b0bb08869d93492bd817d2eae694ca743a3d,,2.5,550582.0,11040106.0
9f9c9cbb6057,5c1ac56b51b9d222ab202dec1ac2f4215346129d,,5.0,11316152.0,75562536.0
a2ecc4df9f84,dae06208d3105a307d9e6313515e28dddf91188a,,1.0,809609.0,809609.0
885a136c52a8,f87fda00b6ed232a817c655b8d179b48bde8fdbe,,2.3333333333333335,139100185.66666666,215509343.0
7c3d21c8153c,f9fb9d0b8519a795eeaca5108205593b66068cce,,4.0,-838492.0,27059552.0
45ac96ed7c36,f1ebdeffc6f325e30e0ddb9f7a70f1370fa4b851,,1.0,6590676.0,6590676.0
67d97da34917,b1379d49646e791def9a1c81ff7f04d571e71d7c,,1.0,89165.0,89165.0
bcacfcbc82b4,4789a21880488048105590049fc41a99f53d565d,,1.0,6159222.0,6159222.0
2c41beb0e5cf,885848186fbc2d1d8fb6d2fdc2156638ae289a46,,4.0,1.0,61758333.0
3b1c5d965971,3469fa84c1631face938efc42b3f488a2c2504e0,,1.0,7960767.0,7960767.0
dd220a00e8bd,cc5034a5d293dd620484d1d836aa16c6764a1c8c,,2.0,66162009.0,222577887.0
e593b2bf513d,e8d4bfe3a71537284a90561f77c85dea6c154369,,2.0,25128414.5,26746151.0
eaf140b60ec9,8a37ea50e7acf8db6821ba094ca41384e7d8c70c,,1.0,11332469.0,11332469.0
9f08890ab906,94ffba484663ab3fc695ce2a34871e8c3db499f7,,1.5,9928030.0,21507796.0
b97e92574c0b,da6fb7a9e5bd6f04f7e15070f630bdf1ea502841,,1.0,41605962.0,41605962.0
41397032c4a17dff,350aba9a74cc3e74ce53642daa9c94326d08c6c3,,1.0,28257112.0,28257112.0
292d1398983f,1d7c49037b12016e7056b9f2c990380e2187e766,,3.0,57470252.5,112627369.0
d3a72fd8187b,9b240637eb9b9677a9e9bc2dc568f5e0811e04d6,,1.0,410716.0,410716.0
4a72dafa19ba,2d204ee9d671327915260071c19350d84344e096,,2.0,155676733.0,164440278.0
2d4aa21a73ba,80584efcc6bc99871433cc5b8f639cc0154962ea,,1.0,3632540.0,3632540.0
97a69a0dea9a,87671375108625bb7f8a09f0809a369d460ebe43,,1.0,554120.0,554120.0
e51060f08a61,285214409a9e5fceba2215461b4682b6069d8e77,,3.0,137701945.0,278958222.0
97defe1ecf86,fe6a043c535acfec8f8e554536c87923dcb45097,,1.6666666666666667,1194578.3333333333,1605221.0
135d9f7d135a,c4924e92442d7218bd725e47fa3988c73aae84c9,,1.0,21107022.0,21107022.0
130c7b46c93d,ca9c74ae9be5e78541c2058db9a754947a7d4a9b,,1.0,19556319.0,19556319.0
383776fa7527,8ce371f9846ef1e8b3cc8f6865766cb5c1f17e40,,1.0,1802959.0,1802959.0
8d3a564da34e,1f74e613ded11517db90b2bd57e9464d9e0fb161,,1.0,177823673.0,177823673.0
0f831ec85eda,53afcd310e867d25e394718558783c476301205c,,1.0,8374801.0,8374801.0
44f714dae50a,28a235931b56d4e7bdd51f6733daf95f2b269da8,,1.0,6757358.0,6757358.0
09464974eaa8,8dd26dff00c0636b1d8621acaeef3f6f3a39dd77,,1.0,97469798.0,97469798.0
40c36e2741d7,d28af26faa0b1daf3c692603d46bc4687c16f19e,,2.0,12889242.0,19319958.0
c24b14c46bb8,5c487bb9adddbc1d23433e09d2548759375c2b52,,1.0,9203399.0,9203399.0
9b473de87209,630cc2b30a42c70628368a412beb4a5e5dd71abe,,1.0,282384836.0,282384836.0
0fc721b2968e,0c24613cda163dedfa229afc8eff6072e57fac8d,,1.0,16254675.0,16254675.0
a6e5281780d1,7572588085a13d5db02bf159542189f52fdb507e,,1.0,98320280.0,98320280.0
fcac83656a3e,781a08d9740afa73357f1a60d45d7c93d7cca2dd,,2.6,49178796.4,100133805.2
c7272c2f1229,773daa3caf5d3f87fdb1ab43e9c1b367a38fa394,,1.0,166745.0,166745.0
7d78cbefaa,fcf0789a96777d79d20290e08bf43943a5619387,,3.0,6719390.5,22724601.0
ca359066889f7,8df98ae0ab2ead9a02228756eec26f8d7b17f499,,2.0,7308749.0,22523849.0
31b8b343e019,1a3fe0b2b6778b7866e2b3f5c9a299d5e9bbd89c,,1.3333333333333333,24171298.0,28665106.0
6b0c81b3be11,cefc7ef3c87d02fc9307835868ff721ea12cc597,,1.5,191135405.0,198208417.0
41ab43c9c89e,01e61a42a5d345a4c0205889498f0c9a0fb9ee8c,,1.0,4753067.0,4753067.0
2ae7408fedfe,f143647a02825038d8d6251422e1d0ebdcb6d9ea,,1.0,45270.0,45270.0
c3322022897c,ddd47fbcf68dd07487fd86f5e3d9f594f8349980,,1.0,5635289.0,5635289.0
64470f1b8510,fbe1a850b3b1522e9fc22319ccbbcd2ab05328d2,,1.0,372334101.0,372334101.0
9c71b9eb3cb2,069e4a19f44d82c43d6a3866499f3d4da6ab3dec,,1.0,1821299.0,1821299.0
d179bd1699fc,07ff2ed03bb874a5bb97361a5a07ee28f1afa574,,1.0,321231.0,321231.0
2f98382dcdfe,4d599cd3a097a85a5c68a2c82b9a48cddf9953ec,,3.875,39064253.625,267953379.0
b42279f0165c,a521c44c3ded9fe184c5de3eed3a442af2d26f00,,2.0,63736211.0,66140987.0
fb265c9cb49e,7159a986b4202343f6cca3bb8079ecace5816fd6,,1.0,7581423.0,7581423.0
89b706fb28e4,8f7d99ba85d4d7118a6cf2d0ed9c2ff8e6528679,,1.0,1321519.0,1321519.0
ee106d7f942d,143ece654f9f5b37bedea252a990be37e48ae3a5,,1.5555555555555556,18833431.111111112,36707963.0
3990a8fffbda,8700aff089843399f95bc7701ae87b642b35a716,,1.0,4341771.0,4341771.0
06fe39ab15a6a4,5afe6ce748c1ea99e0d648153c05075e1ab93afb,,1.0,34357143.0,34357143.0
b6b5e8a69118,5df7af85ecd88e8b5f1f31d6456c3cf38a8bbdda,,1.0,8845229.0,8845229.0
505c9e94d832,d30f370d3a4998c13ed3e5c8ef607d05be0a987a,,1.0,14444415.0,14444415.0
61697a6abd24a,c8156fc77d0796ba2618936dbb3084e769e916c1,,1.0,20362327.0,20362327.0
f8585ce655e9,1bbab525b6f414ace53f56fc0a51d8f15dcbae78,,2.0,15633837.0,29037398.0
10f0577aa5cb,2ea7b1487f975eb409a7a2df4081d838069cab05,,1.0,456032.0,456032.0
9dfd87da1aeb,a1d1e9be5a1dafe0ddc2181a9201c2ae29c71eff,,1.0,46825104.0,46825104.0
5a0722b898f8,37ef38f3f83891a2f413fb872bae7d0f9bb95b27,,1.0,9098444.0,9098444.0
cfa636886033,ac95330b96376550ae7a533d1396272d675adfa2,,1.0,24489494.0,24489494.0
1a1c851bbd70,093edc2baad2c258b1f55d1ab9c63c2b5ae67e42,,1.0,5560191.0,5560191.0
cf1facda2f61,8ae70032552a8082734d0b8550848cf6bf92e1d5,,1.0,508734.0,508734.0
928cfe8745a6,d5e1c0ef550e4fa4577e6567f829a460a7f4ab6e,,1.0,109031913.0,109031913.0
ba2bbfbf6307,a98f1b78ecf325bf29c9d3d1eb38cbc9340000af,,1.0,10111955.0,10111955.0
0a59952b24e2,e7a278a329dd8aa2c70c564849f164cb5673689c,,2.0,11932846.75,13908127.0
d85d20053e19,d017c1f16a798397ebc79be57f7a5e5ea788f837,,1.0,9905260.0,9905260.0
95ae251fe828,644c8c92adb669bdb2d4b2a271dfa9569ae07ee8,,2.0,8790050.0,14003272.0
73d7ee2e831f106c,ac1ca3ba9faae7e32f189edda14f6f147053d719,,1.0,1608739.0,1608739.0
d54f063cdbe4,602f4fb71d2b4aa5a447d4ed25a58fd098df9058,,1.0,1293880.0,1293880.0
86ce2bc73c7a,e82b5fe5d480657dee83a7674caf5bf90bdb4fbd,,1.0,488899.0,488899.0
7e027ca4b534b,4fd8e13843978cbba48b8c21119da60c7fd5910d,,1.0,3924918.0,3924918.0
0fe4e304782c,413200017b8e5a603c3d872a62b222bd1e1a7b90,,1.0,10649068.0,10649068.0
93012bf98416,c0953f2ed510c31a375193e9dbca9774e77fb4b7,,1.0,332109.0,332109.0
fafc4e1ea1a4,5e91f6ce4c584d231763437a3ea3aded8e672363,,1.0,1470162.0,1470162.0
6912daed05e1,f2b18baca9539c6a3116d48b70972c7a2ba5d766,,1.0,7262810.0,7262810.0
013a53f2d25a,a2db55dda9cf9c24427ccd5da8792b028ebff46c,,1.0,3910456.0,3910456.0
8a8f181d2cfd,8cd7b51ff57c74260b20c97623b0e0d420c22be8,,2.0,48060433.0,52721424.0
d4ca1d550d05,244e3dea58818e9520bf3dbaf4404a60b105bfb1,,1.0,991466.0,991466.0
b701a99e431d,a41e8a88b06ee39fad4cb4a8ccf822563560a89c,,1.0,37574887.0,37574887.0
b840d649f9ec,b11ec68fe12cf3645c64892fe30f559ce7eddfd8,,2.0,5326181.0,5326182.0
bfd56cd60521,a1da439cc0d929891f0f7372c9e03530c809068c,,1.0,2655322.0,2655322.0
747668dbc061,9a976949613132977098fc49510b46fa8678d864,,1.0,16324121.0,16324121.0
594fbe713bf60,4fccd4a1e8944033bcd7693ea4e8fb478cd2059a,,1.0,109731998.0,109731998.0
b4c001dc44f0,475b581ff57bc01437cbc680e281869918447763,,1.0,10195159.0,10195159.0
ff8c0c53c475,045c7a3f53d9403b62d396b6d051c4be5044cdb4,,1.0,1122265.0,1122265.0
bbf8ff6b1d2a,e8ed64b08eddc05043e556832616a478bbe4bb00,,2.0,10035342.666666666,15631116.0
274e4c336192,018ad0523208ad86ec85d47ebb59abd91d3f0d8b,,1.0,6408755.0,6408755.0
6561859b067f,7f2e29e133ea981d90fb6ee8f5fadf8b0e2bb366,,1.0,1097997.0,1097997.0
5b74283ab251b9d,18c98243ddf05a1827ad2c359c5ac051101e7ff7,,1.0,18139434.0,18139434.0
e6023367d779,70b61e362187b5fccac206506d402f3424e3e749,,1.0,1506926.0,1506926.0
c1340e8aa628,ad202348fe3fa8187c43af5ab5b86fe6de057bd3,,1.0,3969417.0,3969417.0
fb56be83e43d,e9fa1495d738e34fcec88a3d2ec9101a9ee5b310,,2.6666666666666665,25821977.333333332,40365000.0
00fab2350e6b,388bb19be8eab4674a660e0c97eaf60775362bc7,,1.0,33519292.0,33519292.0
15917b1602242,5f093ee76c8fc1ec82de8da04bd087663c853e7b,,1.0,1234787.0,1234787.0
d850c2ee5fe2,cde9319e884eb6267a0df446f3c131fe1108defb,,2.0,17333225.0,17452518.0
73c7da3dae1e,eeb04a9688f4f939f2a0eaec5a2d53e05e75e691,,1.0,2742446.0,2742446.0
9465a7a6f,d7fad4c840f33a6bd333dd7fbb3006edbcf0017a,,2.6666666666666665,73192864.66666667,110015905.0
e58e87adc8bf,8550e2fa34f077c8a87cf1ba2453102bbbc9ade9,,1.0,3459619.0,3459619.0
985538eee06f,2d76b2f8b54abd16225cd80afca36ed43f113c41,,1.0,1644933.0,1644933.0
0357e488b8,0e76df5c978338f3051e5126fc0c4245c57a307a,,1.0,20656798.0,20656798.0
3d3d18f086cd,8f612d055183545070ca1009ac2eb1f2e044cc20,,1.0,1454643.0,1454643.0
96049bd1ecd0,74e3bb75315ce62a4567f2871276bab32802e8b4,,1.0,7777490.0,7777490.0
682d055e6ac5,72649a46067903d00f46e2ebef6543768224f1a0,,2.0,82270952.0,95831275.0
bbe3f233ec5e,0331402aeaefe858709b0a4d44ade15f82d3a119,,1.0,859147.0,859147.0
181bf1e815a2,21698fd57984cd28207d841dbdaa026d6061bceb,,1.0,305023857.0,305023857.0
26a8145390b3,60ab4584f5bf4e496baec7b090a4b382d03b2100,,1.8333333333333333,1278901.5,6851228.0
06635a35d13d42b9,74b80e841b4da2f83d8f548f32cfe421fde85aca,,1.0,253876.0,253876.0
6ed151f26484,ee4155f40cefea8af78b0bd20897ca97e2a8e72e,,1.0,597842.0,597842.0
877ccce7cbe8,24568b47d48ec8c906fd0f589489a08b17e1edca,,1.0,2836131.0,2836131.0
5369c02d951a,b1d353ad3d5835b16724653b33c05124e1b5acf1,,1.0,166041630.0,166041630.0
c3acd5901414,c7152763f02e05567da27462b2277a554e507c89,,2.0,276.0,16909294.0
e6d5e7d90be92cee,2cf9a57811bddb6fa6b0f8d7376da164d5534813,,3.0,5740400.0,55026345.0
b51642f6d77b,e0ebde0e131b529fd721b24f62872def5ec3718c,,2.0,45253576.0,64044784.0
86080ccc22,21e722c4c8377b5bc82ad058fed12165af739c1b,,1.0,51693157.0,51693157.0
e1f7c9eee70,aa876cd4b41b4e3bcfbc75dd5750d75d5fa97a67,,2.0,17021751.0,35508998.0
2d2a3ad872f8,76790c7c66ccc8695afc75e73f54c0ca86267ed2,,1.0,11851864.0,11851864.0
fab4c256a58b,a1b7f2f6367944d445c6853035830a35c6343939,,1.0,37970107.0,37970107.0
80ad623edd2d,838fe1887765f4cc679febea60d87d2a06bd300e,,1.0,4321608.0,4321608.0
95711cd5f0b4,a1cd4e4324afa4d8a2d6d0ce16bc689d6bab02cc,,1.5,209605.5,419210.0
0ed881027690,7b571c19d4c0b78d27dd3bf1f3c42e4032390af6,,1.0,11169856.0,11169856.0
06c2d368fc36,ec490f6f600f93236f1ad439b9809de563343b2c,,1.0,3845063.0,3845063.0
bbceefce9adf,fe1dc069990c1f290ef6b99adb46332c03258f38,,1.6666666666666667,55414415.333333336,73406100.0
9533b292a7ac,533d1daea8d8a389b37207ad7b50c4e750969231,,1.0,1879240.0,1879240.0
345309fa7c0c,940ec770c295682993d1cccce3081fd7c74fece8,,1.0,52658833.0,52658833.0
4773be185a0f,c2588393e6315ab68207323d37d2a73713d6bc81,,2.5,22622889.5,31548910.0
32f139551954,1e0cf16cdad1ba53e9eeee8746fe57de42f20c97,,2.3333333333333335,6864917.5,14454362.0
440ea4ae1828,f7017cafcdd7574680fc7faabcb73f91172a14ab,,1.0,4142003.0,4142003.0
0b764a6e4e19d,f3e763c3e544b73ae5c4a3842cedb9ff6ca37715,,1.0,5793841.0,5793841.0
26a4f3c08de4,7099e2e1f4d9051f31bbfa5803adf954bb5d76ef,,1.0,112598168.0,112598168.0
dbc7f069b93a,896bbb2522587e3b8eb2a0d204d43ccc1042a00d,,5.0,19100429.0,55045924.0
032dc41ba6e2,61183b056b49e2937ff92a1424291ba36a6f6d05,,3.0,34402292.0,57871280.0
88e70da170e8,ea78979d302f7de9bbd59f9dafdb070ecb05ec39,,1.6666666666666667,805562.0,2416684.0
6ca5274d1d12,d32c3e260f95f5d8ed42c64dc2d9ec79cc36da1e,,1.0,2538852.0,2538852.0
0ec5f02f0e2c,1eb013473bff5f95b6fe1ca4dd7deda47257b9c2,,1.0,161212855.0,161212855.0
5bc2b7b397b0,0c81ffc60d5280991773d17e84bda605387148b1,,1.5,124538248.0,151111674.0
99e3a44bac37,9c5d3afac436beef91b7a6312068e9360c7d8446,,2.0,4771148.0,7753877.0
a68c31fc01ef,d10f60ae27d26d811e2a1bb39ded47df96d7499f,,1.0,18778850.0,18778850.0
09ca4c9b5958,8e85946777d3f667085f298c0acfec12fe105078,,1.0,3056770.0,3056770.0
b66255f0f779,e1c0c91bdaec0702ebbfdc546926989dd63d19ef,,2.0,6842.0,231293.0
50b4d485528d,eab40cf336065e8d765e006b81ff48c5c114b365,,1.0,1818911.5,1818911.5
0071f56e46da,73dcb556538a4192222c3a919a51e1701bae553b,,1.0,3655922.0,3655922.0
f09e2249c4f5,3ce9b20f1971690b8b3b620e735ec99431573b39,,1.0,78908761.0,78908761.0
11105693fa05,49d22167f826134e579179aa2217c74647e62015,,2.25,59465929.0,60035512.0
f4524cc45626,6fa0321a96043b5a983bbefa785859d664645840,,1.0,1312605.0,1312605.0
2993e0515bb4,462c124c590fe633564192dbfa26e99af788a67c,,1.0,158006.0,158006.0
5df7fd46b70b,a8fa91a74fc385da5d52fd1008c8fd322154cad8,,1.0,8467199.0,8467199.0
240524089d7a,c677ba8b3c47650358572091ed8a6af50bfca877,,1.0,1804085.0,1804085.0
2d8b1d566a5f,882d18a702c66404fcb62b84748f719f9b47441c,,2.5,21553235.166666668,28697796.0
9520ed8fb841,b07ac9894644202614ca87c69f3f45e424a82fef,,1.0,11762624.0,11762624.0
6559c901cb48,8c0b55e22aff84cb6938a993d86c3ce02006236e,,1.0,1024399.0,1024399.0
38320c70d282,bcfd09f7837f5240c30fd2f52ee7293516641faa,,3.0,165005483.5,313573047.0
fe8e81b7e899,89b135ba1b73cd54a09283b39420c90538283801,,1.0,7836511.0,7836511.0
75ee94b20b46,9226665159f0367ad08bc7d5dd194aeadb90316f,,1.0,3048050.0,3048050.0
800fb34a99ce,1617971c6616c87185cbc78fa1a86dfc70dd16b6,,1.0,5025329.0,5025329.0
484bfa1507bf,1f515486275a08a17a2c806b844cca18f7de5b34,,2.3333333333333335,46889402.0,62298133.0
5fe156f1cab4,464a5686e6c9df364fbfa9a6d0f61276a777d550,,1.0,3952266.0,3952266.0
671cc68dc61f,d48dc067450d84324067f4472dc0b169e9af4454,,1.0,9663726.0,9663726.0
66a733ea6b61,084f5601c357e4ee59cf0712200d3f5c4710ba40,,1.0,165678.0,165678.0
c43a102e67db,7d6cd21d82bacab2d1786fe5e989e4815b75d9a3,,3.0,21900670.5,80373347.0
039ae8bcf7a5,bef69dd87828ef5d8ecdab8d857cd3a33cf98675,,1.5714285714285714,20229359.85714286,24613617.0
5f6b6ccdbe1c,925652d03589084850023d8924b376b7ee3c1b1b,,2.0,115539062.0,119756339.0
fb84b8224655,4be6e05c4d4c2ff87750d3242f69999245d119f8,,1.0,1110463.0,1110463.0
95a7233c4,4c76bf696a608ea5cc555fe97ec59a9033236604,,1.0,5012836.0,5012836.0
721cabf6c660,55b0baa2542f1dbaf33989eab5a26a23a8aca345,,1.0,2886634.0,2886634.0
4ac8918f3a7,f879fc32aa0c96fbac261b3d857a1239d554ad01,,2.5,29219808.0,57647479.0
d4b90dbc8578,c963050259f2daccb7141ee58bc0fc0b760836ba,,1.0,614897.0,614897.0
ffcc393641,8dc23658b7aaa8b6b0609c81c8ad75e98b612801,,1.0,58613137.0,58613137.0
0bb9d159bd01,54027a49938bbee1af62fad191139b14d4ee5cd2,,1.0,753740.0,753740.0
c794f6a09a25,949024d6702d1da8a266f42226d8402f0df078dc,,1.0,10551048.0,10551048.0
a1cba5613edf,cd33b3e0da43522ff8e8f2b2b71d3d08298512b0,,1.0,40539667.0,40539667.0
da6612673988,f5e350f021e04ea41d2e5d58487c33b05ba3d25b,,1.0,721164.0,721164.0
bc6134942dbb,0b4c208d443ba2af82b4c70f99ca8df31e9a0020,,1.5,43944332.5,71204993.0
3ffe64f1a641,916c5e1413be058d1c1f6e502db350df890730ce,,1.0,1197082.0,1197082.0
30861ddc9cca4,8c17bbf6c8f70058a66305f2e1982552e6ea7f47,,5.0,85762302.0,209352026.0
e3861d9118c8,15ea2df9143729a2b722d4ca2b52cfa14a819d8e,,1.0,3560163.0,3560163.0
4aece6a19cf7f,d8ba1f971497c19cf80da1ea5391a46a5f9fbd41,,1.0,185101469.0,185101469.0
f24fcff1d267,4d5a91fd1f42a821d14b92b082b8e71be9911ba5,,1.0,4312925.0,4312925.0
ba6b918ab234,396a30cce15d084b2b1a395aa6d515c3d559c674,,1.5,77592027.0,77599016.0
b5f5f525c547,4f89f7b59a6ea17e81cff212c18a0b580ff5ff27,,1.0,21689305.0,21689305.0
ba94c753ccb4,4ab7fd955e471a71908d4970017c52b3ef6e47a2,,1.0,404330.0,404330.0
f4d15fb6f99a,7150ceaacb27f7b3bf494e72cd4be4e11612dfff,,2.142857142857143,14885391.714285715,33740751.0
397d425dc26d,95dd77580ccd66a0da96e6d4696945b8cea39431,,2.6666666666666665,43201312.666666664,81381196.0
8796c8923d9c,9db74e51ec08d75c3e97f851299bc25e645cc5ad,,2.0,22.0,58425257.0
27450653f1db,8fd8cbfeada59d381c49ad700607376416e2fdd8,,1.0,3096528.0,3096528.0
f8d1a31163fc,b4536f0c829c8586544c94735c343f9b5070bd01,,1.0,12210662.0,12210662.0
002bb86d8d42f,dfb6cd1e654315168e36d947471bd2a0ccd834ae,,3.6666666666666665,399428.0,348290016.0
6a14ee0cfb19,a8bf879af7b1999eba36303ce9cc60e0e7dd816c,,2.0,16140414.0,125341063.0
a5f3ea54f3cc,40b1c813ba8e0aac9ee36b57f2835777506084c6,,1.0,10828313.0,10828313.0
82da3ff89dc2,2591bc4e8d70b4e1330d327fb7e3921f4e070a51,,3.0,24698207.0,355365689.0
23c42a403a9c,f66ee0410b1c3481ee75e5db9b34547b4d582465,,1.1428571428571428,36263214.17142857,39361946.342857145
98d8fc6c5d36,6869de380e8c11c31b608bb2502dcacd634eda13,,2.0,7928367.0,9143725.0
3f04d98e972b5,61b6e08dc8e3ea80b7485c9b3f875ddd45c8466b,,1.25,46279109.75,46279111.0
8a3d03166f19,4f823defdd5b106a5e89745ee8b163c71855de1e,,1.0,11111877.0,11111877.0
1e77d0a1ed74,746a923b863a1065ef77324e1e43f19b1a3eab5c,,1.0,177204080.0,177204080.0
b3af341bbd96,11d7c8d3b1259c303fb52789febed58f0bc35ad1,,1.0,31958245.0,31958245.0
a8ba798bc8ec,2047f1d8ba287d208272b6e26360d1a53f7ebf7d,,1.0,6210035.0,6210035.0
f92d9597f781f6a5a39c73dc71604bd8a21c5299,3d36ad7e7a9be0d130c862727a052ed279046437,,1.0,13484902.0,13484902.0
23312a3be999,b441f79532ec13dc82d05c55badc4da1f62a6141,,5.0,12373621.0,82433828.0
624e8e00acaf,f153bf49ddf6169544b24ef5ea26fa3eb4996b95,,1.0,2805075.0,2805075.0
b5451d783ade,110a40dfb708fe940a3f3704d470e431c368d256,,1.3333333333333333,264889729.33333334,270999270.0
0f97da831026,6dbbd053e6aea827abde89ac9b9d6855dab1a66b,,1.0,5381847.0,5381847.0
4046bf023b06,eb583cd484f9a76c3716c0539bd06340943eeff9,,1.0,293999.0,293999.0
f07fed82ad79,aecc5cefc389735b5327d234e11d1fe505e1c280,,1.0,3173275.0,3173275.0
e40526cb20b5,66e56cd46b93ef407c60adcac62cf33b06119d50,,1.0,1277117.0,1277117.0
eed0eabd12ef,9a59061cfd7ac00f21111d2e8aa7f4ab11d27f6c,,1.0,1033624.0,1033624.0
1c51089f777b,bc14c49195e49b3231c01e4c44e3e5456c940b94,,5.0,7422225.5,87254982.0
c0452137034b,73a7a271b3eee7b83f29b13866163776f1cbef89,,1.0,6310237.0,6310237.0
53fa1f6e8a59,cecf3e3e0803462335e25d083345682518097334,,1.0,22895070.0,22895070.0
942c9b6ca8de,5a23e0b1dd51fe0efae666b03fdb15e1301f437a,,1.0,18679104.0,18679104.0
1b375dc30710,af2e859edd477fa1ea3d1d106f41a595cff3d162,,1.0,107583452.0,107583452.0
2f664823a470,dddb318b9f989acba9ccca9babc4715a9075eae8,,2.0,1.0,52050.0
7d7080335f8d,cd069bb9f9ff13b23492fda6ccdb458ac4f641ca,,1.0,11657865.0,11657865.0
28e64a68a2ef,06168a64b1ae346816fcd0a0c3ea5276c778408b,,1.0,113892335.0,113892335.0
05b125004815,bc3b5b47c80da8838758731d423179262c9c36ec,,2.0,40957885.0,66651062.0
20c466b56168d,16cfacc8085782dab8e365979356ce1ca87fd6cc,,2.0,45620828.0,187331406.0
e9868505987a,2c012a4ad1a2cd3fb5a0f9307b9d219f84eda1fa,,6.333333333333333,74448497.0,207633054.0
c04d2cb2009f,289e1f4e9e4a09c73a1c0152bb93855ea351ccda,,1.0,1702311.0,1702311.0
6071bd1aa13e,35d889d10b649fda66121891ec05eca88150059d,,2.6666666666666665,3986411.3333333335,55532003.333333336
519049afea,da5dadb4f11660ca67580cd4a7420161266d6254,,1.0,3056412.0,3056412.0
4d5422a309de,7bca603a69c0c239654a8f0bcb99e1a60b30040c,,1.0,316266.0,316266.0
2cbbb579bcbe,daaadbf07433b15c452b2ff411a293b2ccd98e03,,1.5,82659801.0,163595834.0
e476fe8af5ff,ffc81fc07efc94a04695a8c1d458a06aecaf9f30,,1.0,3970036.0,3970036.0
61dd72613177,7f028caadf6c37580d0f59c6c094ed09afc04062,,2.3333333333333335,41351492.0,158009497.0
8ffb055beae5,59fb9b62fb6c929a756563152a89f39b07cf8893,,1.0,3875120.0,3875120.0
0f519f0352e3,543ac280b3576c0009e8c0fcd4d6bfc9978d7bd0,,1.0,31300112.0,31300112.0
cd8c5c269b1d,0d4411408a7fb9aad0645f23911d9bfdd2ce3177,,1.0,13035519.0,13035519.0
5188d5453bc9,1aa48f088615ebfa5e139951a0d3e7dc2c2af4ec,,1.0,13520778.0,13520778.0
794b1248be4e,613a5eb5677923fdaecfa582738c7bcf80abe186,,5.0,48196440.25,126060144.0
2a07d814747b,aa8f9c517ebce7a0959da064ef2660ea03f133f8,,1.0,8486241.0,8486241.0
5f4a4a73f437,9e05352340d3a3e68c144136db9810b26ebb88c3,,1.0,68841713.0,68841713.0
91269e390d062,7a9f526fc3ee49b6034af2f243676ee0a27dcaa8,,1.0,103738.0,103738.0
f2ab6219969f,b8f89fea599d91e674497aad572613eb63181f31,,2.0,144974360.0,172437058.0
f50169324df4,1938852de55d3235c2d1a8be5787160a00d5c378,,1.6666666666666667,182350907.66666666,183325363.0
26cae166cff9,5eb8ba90958de1285120dae5d3a5d2b1a360b3b4,,1.0,168222475.0,168222475.0
36cf515b9bbe,20e833dc36355ed642d00067641a679c618303fa,,1.0,73115301.0,73115301.0
90634e854079,3c60e01a12461c89db2349b95c77c9eb36fdd439,,1.5,1568373.0,3136737.0
1f52aa08d12f,30aecae86e914f526a2ca8d552011960ef6a2615,,1.0,16509958.0,16509958.0
37bf241b8e7b,7de241f3b705396fe21f45d38ba1247c522aae81,,1.0,1136662.0,1136662.0
90001d67be2f,a731ebe6f17bff9e7ca12ef227f9da4d5bdf8425,,1.0,3178886.0,3178886.0
b12f7bad5ad3,206b8cc514d7ff2b79dd2d5ad939adc7c493f07a,,2.0,18.0,6834316.0
ac6c35a4d8c7,ade925995b172f1d7410d1c665b2f47c5e99bef0,,2.0,44685351.0,60621789.0
8c8cb30f49b8,d0381bf4f80c571dde1244fe5b85dc35e8b3f546,,1.0,46550940.0,46550940.0
3713b4e364ef,f12cb2893069495726c21a4b0178705dacfecfe0,,3.0,7187137.0,29025662.0
ed1f2e85da79,22087c850e8e56c5959640260ab3fa974556ef96,,3.0,-131980.0,3368074.0
1159d4b496f5,55f6c98e3674ce16038a1949c3f9ca5a9a99f289,,1.3333333333333333,40200760.333333336,48001971.0
d3d73f4b38a8,57f7c3932516b9f7908d9b0a24396112d0f4ca55,,3.0,3378617.0,13360313.0
76ae281f6307,f6122ed2a4f9c9c1c073ddf6308d1b2ac10e0781,,1.0,161441179.0,161441179.0
a1b7c5fd7fe9,92c075dbdeed02bdf293cb0f513bad70aa714b8d,,2.5,4074804.2,9560010.0
b1d40991506aa,e55449e71aade362aa684bd3222974fed6e2d1c6,,1.0,676807.0,676807.0
dab5ca8fd9dd,3428030da004a1128cbdcf93dc03e16f184d845b,,2.25,-5867712.5,16211817.0
8556e8f3b6,554a5ccc4e4a20c5f3ec859de0842db4b4b9c77e,,4.0,16440159.333333334,237341752.0
7b9584fa1c0b,70256b42caaf3e13c2932c2be7903a73fbe8bb8b,,3.0,211179.0,142348221.0
a371c10ea4b3,d7bf31a0f85faaf63c63c39d55154825a1eaaea9,,1.0,42299981.0,42299981.0
1cf1cae963c2,6e6fddc78323533be570873abb728b7e0ba7e024,,1.25,24027117.5,30281283.5
34666d467cbf1e2e3c7,a13b2082ece95247779b9995c4e91b4246bed023,,3.3333333333333335,26059079.333333332,63496057.0
f962396ce292,7afec66e2bf5683d8bfc812cc295313d1b8473bc,,1.0,11947128.0,11947128.0
c42843f2f0bb,7d70e15480c0450d2bfafaad338a32e884fc215e,,1.0,126380614.0,126380614.0
9b07e27f88b9,9f56c092b99b40ce3cf4c6d0134ff7e513c9f1a6,,1.0,10360643.0,10360643.0
5da083d1922c,e9fb92e13d5e743a6ff13d3206c0f9e5e8cbc1f4,,2.125,9703825.25,15717525.0
d6c4f0298cec,fd7e848077c1a466b9187537adce16658f7cb94b,,1.3333333333333333,10237712.333333334,19362364.0
f05499a06fb4,40363cf13999ee4fb3b5c1e67fa5e6f0e9da34bd,,1.0,840192.0,840192.0
a09f99eddef4,c01638f5d919728f565bf8b5e0a6a159642df0d9,,2.0,0.0,5737573.0
8aa428cc1e2e,965f6603e3335a953f4f876792074cb36bf65f7f,,3.0,5766011.0,71632856.0
4ab39e2f98f2,23ff6ba8feec5c4bdf993af3fba3937d57883dc8,,1.0,351289.0,351289.0
97f68c6b02e0,1c3da4452d185e4be663e76a1b9842184d8f9c4c,,1.0,2787393.0,2787393.0
accd58833237,2e50b2619538ea0224c037f6fa746023089e0654,,2.0,17178885.0,22373313.0
eb9fecb9e69b,dfa042fa310caa475667b8c38d852f14439e0b01,,1.0,31802335.0,31802335.0
e6047149db,9c5a559d9495bba6e5b6c5ee4e8e2f2b71088684,,1.0,6824744.0,6824744.0
09ae5d37e093,0d13d8f26c4684a077b293b8a4615170253f842c,,1.0,2647871.0,2647871.0
a9fd053b56c6,8b35a5f87a73842601cd376e0f5b9b25831390f4,,4.0,10900968.0,54978454.0
d0f6dd8a914f,51d4740f88affd85d49c04e3c9cd129c0e33bcb9,,1.0,47545030.0,47545030.0
b2ddc48a81b5,39841cc1cbb69344539c98a1fa9d858ed124c7ba,,1.0,12726633.0,12726633.0
ef51042472f5,9d109081c261d87fc84e0cce245796796ae4c460,,1.0,451374.0,451374.0
5e94846686d0,447750f281abef547be44fdcfe3bc4447b3115a8,,7.0,20985077.0,159924330.0
9163e0184bd7,91cbf01178c37086b32148c53e24b04cb77557cf,,1.0,5629271.0,5629271.0
b83ce5ee9147,07344b15a994acadbe439aa4e75127ed1ccca099,,1.3333333333333333,2247327.6666666665,3581423.0
133add5b5ad4,6b1c5eaf5cfd994bc364ce367ab4cd1f572cc476,,1.0,4427577.0,4427577.0
08737a3fa30a,88fa95278503523df5fbb18b4e98526e61e13218,,1.0,3874344.0,3874344.0
2152caea7196,f547fac624be53ad8b07e9ebca7654a7827ba61b,,4.75,67287784.75,180926944.0
c876ad768215,3fd37226216620c1a468afa999739d5016fbc349,,3.0,51620288.0,138455059.0
c9475369bd2b,ad3cbf61332914711e5f506972b1dc9af8d62146,,2.0,7687359.0,29557126.0
9c5681011a0c,cb1dab0e01969d63717c7464cb5d75c77a39bf02,,1.6666666666666667,5643370.666666667,8465757.666666666
8d860bbeedef,fd6b6d9b82f97a851fb0078201ddc38fe9728cda,,1.0,12529769.0,12529769.0
3f9cd874dcc87,05b466bf846d2e8d2f0baf8dfd81a42cc933e237,,1.0,35248240.0,35248240.0
aaafb7c8eb1c,205447fa9e0a44cc42a74788eb2f6c96f91d5cd6,,1.0,2571347.0,2571347.0
e181ae0c5db9,d1b47a7c9efcf3c3384b70f6e3c8f1423b44d8c7,,1.0,180083.0,180083.0
2a485ad7c88d,a7032132d7560a8434e1f54b71efd7fa20f073bd,,1.0,46052684.0,46052684.0
7bc5f447ce9d0,09ae6345721afbb7cf3e0920209b140cbe7bff0d,,1.0,15338932.0,15338932.0
db05c48197759,62d85b3bf9d978ed4b6b2aeef5cf0ccf1423906e,,1.0,8347094.0,8347094.0
52775b33bb507,36f9814a494a874d5a0f44843544b4b2539022db,,1.0,11664511.0,11664511.0
e651901187ab,32f010deab575199df4ebe7b6aec20c17bb7eccd,,2.3333333333333335,13124780.0,31268711.0
5f195ee7d830,0976eda7915507fe94e07870c19d717c9994b57a,,1.0,14484126.0,14484126.0
aa94f2888825,479826cc86118e0d87e5cefb3df5b748e0480924,,1.0,91326857.0,91326857.0
eadf6f9170d5,3c954c418eb363343ff515756e440aa1dc216e0b,,1.0,925944.0,925944.0
f5b65348fd77,3d712546d8ba9f25cdf080d79f90482aa4231ed4,,1.0,33594773.0,33594773.0
82d354370189,78385cb398748debb7ea2e36d6d2001830c172bc,,2.0,23423186.0,38537663.0
6691dffab0ab,a71dcd3757e29cc8b43383ff18595d707cf08345,,1.0,37658975.0,37658975.0
937b10c0de68,688cd8bd2c0fa9dc88e5ced55a73ddc79edf875d,,1.0,4596865.0,4596865.0
38bb8d77d0b9,13301c6b16a6d809b331bb88e40ab9ce38238b8b,,2.0,1.0,5131201.0
f63a8daa5812,321027c1fe77f892f4ea07846aeae08cefbbb290,,2.0,1037586.6666666666,27434337.666666668
58e9cc90cda7,dc892e17bbae670a3d7aa6ab8bd1033b15b24645,,1.5,46010250.0,64191798.0
7f94ffbc4c6a,0600597c854e53d2f9b7a6a718c1da2b8b4cb4db,,1.0,13381192.0,13381192.0
97e1c18e8d17b,f37755490fe9bf76f6ba1d8c6591745d3574a6a6,,2.0,58060243.5,239159998.0
2d253440b5af,58886785db318588f95c8036abb2a47016c1f14c,,1.0,4086967.0,4086967.0
76f0c53d08b9,c9359f41620764822842d0c25908efdc019833f3,,1.0,21962778.0,21962778.0
