author,commits_number,bug_commits_number,total_fix_distance,total_find_bug_time,total_fix_bug_time
Zhuoyu Zhang,1,1,1.5,3093867.0,3580613.0
YunQiang Su,2,1,1.0,1698203.0,1698203.0
Yaogong Wang,1,1,1.0,547537.0,547537.0
Yan Laijun,1,1,1.0,76652347.0,76652347.0
Yangchun Fu,1,1,1.0,1551171.0,1551171.0
Wilson Ding,1,1,1.0,10442039.0,10442039.0
Wen Shi,1,1,1.4,12634.2,21056.0
Waibel Georg,2,1,2.0,-1342222.0,1272871.0
Vunny Sodhi,1,1,1.0,276518.0,276518.0
Vitaly Katraew,1,1,1.0,69591023.0,69591023.0
Vincent Fann,1,1,1.0,12060903.0,12060903.0
Vijay Rai,1,1,1.2,78984049.6,82937618.0
Vallish Vaidyeshwara,1,1,1.0,49332835.0,49332835.0
Tom Cooksey,1,1,2.0,2218562.0,3275046.0
Ting Shen,1,1,1.0,5325082.0,5325082.0
Tianping Fang,1,1,1.25,143170824.75,145160413.0
Ted Mielczarek,1,1,1.3333333333333333,44375346.333333336,51777954.666666664
Tamizh Chelvam,6,1,1.0,2810418.0,2810418.0
Taketo Kabe,1,1,1.0,9181047.0,9181047.0
stuart hayes,1,1,3.0,5053538.0,83222918.0
Steve Whitehouse,1,1,1.0,20534846.0,20534846.0
Steven Haigh,1,1,9.0,24775475.0,261937483.0
Steven Barth,1,1,2.3333333333333335,18807649.0,71176401.0
Steve Moskovchenko,1,1,1.0,7368657.0,7368657.0
Simon Schwartz,1,1,1.0,3179781.0,3179781.0
Simon Ho,1,1,1.0,316739.0,316739.0
Siebren Vroegindeweij,1,1,1.0,1295932.0,1295932.0
Shen Guang,1,1,2.0,21977201.0,142865635.0
Shefali Jain,1,1,1.0,2573956.0,2573956.0
Sharvari Harisangam,1,1,1.0,15586020.0,15586020.0
Shahar Patury,1,1,1.0,1385924.0,1385924.0
Seth Levy,1,1,2.0,98018821.0,240788724.0
Sergey Bostandzhyan,1,1,1.0,7210367.0,7210367.0
Sandipan Patra,3,1,1.4285714285714286,8046893.714285715,10053040.42857143
Ryan Chen,1,1,1.0,6991887.0,6991887.0
qize wang,1,1,1.0,639281.0,639281.0
Pratibhasagar V,1,1,1.0,78950586.0,78950586.0
Philip Attfield,1,1,1.0,17347969.0,17347969.0
Peter Dawson,1,1,1.0,550843.0,550843.0
Pedro Garcia,1,1,10.0,8090241.0,236041317.0
Paul Drews,1,1,1.0,4547254.0,4547254.0
Patrick Ruddy,1,1,1.0,31039912.0,31039912.0
Pan Wen,1,1,1.0,40047927.0,40047927.0
Padmanabhan Rajanbabu,1,1,1.0,1649921.0,1649921.0
Nina Schiff,1,1,2.0,21293429.5,41482457.0
Nikunj Kela,1,1,1.0,336543.0,336543.0
Nick Fedchik,1,1,1.0,344499311.0,344499311.0
Neil McKee,1,1,3.0,22829457.0,70162224.0
Minal Shah,1,1,1.0,9873684.0,9873684.0
Michael Lange,1,1,1.0,7686818.0,7686818.0
Matt Campbell,1,1,1.0,2931080.0,2931080.0
Marty Plummer,1,1,1.0,1707969.0,1707969.0
Martin Liu,1,1,2.0,15753635.0,17027771.0
Martin Jansen,1,1,3.0,52598335.0,280380717.0
Mark Marshall,1,1,1.5,36182491.0,36217183.0
Mark Furneaux,1,1,2.5,5456083.0,26865916.0
Mario Rugiero,1,1,1.0,14354993.0,14354993.0
Marian Rotariu,1,1,1.0,2096875.0,2096875.0
Marcin Ziemianowicz,1,1,1.0,14151223.0,14151223.0
Mantas M,1,1,1.5,15617069.5,19863767.0
Lukasz Spintzyk,1,1,1.0,18293511.0,18293511.0
Lucy McCoy,1,1,2.5,212406528.5,399739184.0
Lassi Ylikojola,1,1,2.0,5874238.0,60803297.0
Kyle Chamberlin,1,1,1.0,173600.0,173600.0
Kshitij Soni,1,1,2.0,58058897.0,79130798.0
Krishna Chaitanya,1,1,1.0,22255345.0,22255345.0
kiki good,1,1,1.0,3445601.0,3445601.0
Kerstin Jonsson,1,1,3.0,245155573.0,286239691.0
Kazufumi Ikeda,2,1,1.0,19408090.0,19408090.0
Kasin Li,1,1,1.0,901342.0,901342.0
Kal Conley,1,1,1.0,3187061.0,3187061.0
Josue Albarran,1,1,1.0,32292682.0,32292682.0
Josh Snyder,1,1,1.0,19034518.0,19034518.0
Johann Baudy,1,1,6.0,46487295.5,204570862.0
Joerg Schmidbauer,1,1,1.0,7929191.0,7929191.0
Jiping Ma,1,1,1.0,4356901.0,4356901.0
Jimi Damon,1,1,1.0,80977351.0,80977351.0
Jacob Feder,1,1,1.0,366458.0,366458.0
Hung-Te Lin,1,1,1.0,2748084.0,2748084.0
Hristo Venev,1,1,1.0,2489388.0,2489388.0
Grzegorz Lyczba,1,1,3.0,49895996.0,88700818.0
Greg Hartman,1,1,1.0,31659604.0,31659604.0
From: jiang.adam@gmail.com,1,1,1.0,150519201.0,150519201.0
frederic RODO,1,1,2.0,314456782.0,350750278.0
Felix Walter,1,1,1.0,1134887.0,1134887.0
Erik Veijola,1,1,1.0,19276513.0,19276513.0
Elizabeth Kappler,1,1,3.0,2332247.0,6504580.0
Elaine Wang,1,1,1.0,52357416.0,52357416.0
Edwin Velds,1,1,3.3333333333333335,67874291.0,109771145.66666667
Dustin McIntire,1,1,2.0,159753376.0,430424736.0
Douglas Lehr,1,1,1.0,86645638.0,86645638.0
Dmitry Petukhov,1,1,1.0,12757775.0,12757775.0
Dmitry Kozlov,1,1,2.0,29647960.0,270010509.0
Dinko Mironov,1,1,1.0,118438435.0,118438435.0
Detlef Urban,1,1,1.0,40878.0,40878.0
David Liu,1,1,1.0,4028945.0,4028945.0
David Hsu,1,1,1.0,7217333.0,7217333.0
Daniel Jedrychowski,1,1,1.0,54440784.0,54440784.0
Dan Fuhry,1,1,2.5,4185529.0,70516838.0
Damian Eppel,1,1,1.0,49303892.0,49303892.0
Da Lv,1,1,2.0,6764320.6,13528632.2
Csaba Kertesz,1,1,1.0,6715689.0,6715689.0
Cosmin Stoica,1,1,1.0,13136006.0,13136006.0
Christian Schmiedl,1,1,3.0,5244982.0,91138707.0
Chonggang Li,1,1,1.0,45455844.0,45455844.0
Channagoud Kadabi,1,1,1.0,3096528.0,3096528.0
CHANDAN VN,1,1,2.0,32731092.0,37333257.0
Boris Glimcher,1,1,2.0,2.0,33904265.0
Bo He,1,1,1.0,6228456.0,6228456.0
Bockholdt Arne,1,1,1.0,3802590.0,3802590.0
Bill Hong,1,1,1.0,71254190.0,71254190.0
Benjamin Fair,1,1,1.0,11911942.0,11911942.0
Ben Ho,1,1,1.0,7516258.0,7516258.0
Atif Niyaz,1,1,1.0,3126535.0,3126535.0
Ashwini Pahuja,1,1,1.0,100797162.0,100797162.0
Arthur Gautier,1,1,1.0,1974981.0,1974981.0
Anirudh Gupta,1,1,1.0,2051048.0,2051048.0
Ananth Jasty,1,1,1.0,1071943.0,1071943.0
Amine Kherbouche,1,1,1.0,591574.0,591574.0
Alex Naslednikov,1,1,2.0,117565056.0,291485736.0
Alan Mizrahi,1,1,1.0,9017009.0,9017009.0
Alan Adamson,1,1,1.0,1619569.0,1619569.0
Aaron Kramer,1,1,1.0,4127138.0,4127138.0
Yury Kylulin,2,1,2.0,2939869.0,34507766.0
Yunhao Tian,2,1,1.0,4728828.0,4728828.0
Xuewei Zhang,2,1,1.0,13721286.0,13721286.0
Xiaodong Xu,2,1,1.0,95333761.0,95333761.0
Wonjoon Lee,2,1,1.3333333333333333,19964332.0,28863942.0
Werner Cornelius,2,1,3.0,119017582.0,251590349.0
Wen Huang,2,1,1.0,4060078.0,4060078.0
Veli-Pekka Peltola,2,1,6.0,52545163.0,229035494.0
Varad Gautam,2,1,1.0,13849733.0,13849733.0
Tyler Hall,2,2,2.333333333333333,235638375.66666666,294547969.3333333
Tor Jeremiassen,2,1,1.0,36923949.0,36923949.0
Tom Briden,2,1,2.0,10035342.666666666,15631116.0
Thomas Haller,2,1,1.0,160057247.0,160057247.0
Terry Lam,2,1,2.0,107188026.0,116990318.0
Tali Perry,6,1,1.0,2682282.0,2682282.0
Sushmita Susheelendra,2,1,1.0,2276868.0,2276868.0
Steve Shih,2,1,1.0,57365771.0,57365771.0
Steve Douthit,2,1,1.0,8528076.0,8528076.0
Shun-Chih Yu,2,1,1.0,16315479.0,16315479.0
Shubham Bansal,2,1,1.0,12459762.0,12459762.0
Shreesha Rajashekar,2,1,2.0,5.0,9702605.0
shaoming chen,2,1,2.0,832988.5,1812067.0
Sergei Ianovich,2,1,1.0,175992.0,175992.0
Santosh Yaraganavi,2,1,3.3333333333333335,64537474.666666664,126512120.0
Romain Baeriswyl,2,1,1.0,27569156.0,27569156.0
Richard Watts,2,1,1.0,9583304.0,9583304.0
Raymond Tan,2,1,1.6666666666666667,29302915.666666668,33025759.0
Ranjit Waghmode,2,1,1.0,1223592.0,1223592.0
Rajvi Jingar,2,1,1.0,6849391.0,6849391.0
Radu Solea,2,1,1.0,715678.0,715678.0
Radoslaw Biernacki,2,1,1.0,2435715.0,2435715.0
Qiu Peiyang,2,1,1.1666666666666667,4032995.3333333335,4635993.0
Prakash Kamliya,2,1,1.0,10400310.0,10400310.0
Philipp Kirchhofer,2,1,1.0,8644192.0,8644192.0
Phani Movva,2,1,1.0,10456482.0,10456482.0
Petr Malat,2,1,1.0,36562550.0,36562550.0
Peter Pan,2,1,1.0,18669104.0,18669104.0
Peter Fink,2,1,1.0,867379.0,867379.0
Pengyu Ma,2,1,1.5,23835600.0,27930767.0
Peng Xu,2,1,1.0,20943561.0,20943561.0
Patrick Talbert,2,1,1.0,7750344.0,7750344.0
Oskar Andero,2,1,2.0,45218640.0,135833700.0
Ohad Sharabi,2,1,1.0,11245445.0,11245445.0
Nils Holland,2,1,1.0,852234.0,852234.0
Nigel Hislop,2,1,1.0,274752871.0,274752871.0
Nazarov Sergey,2,1,1.0,31172483.0,31172483.0
Nabendu Maiti,2,1,1.0,2966487.0,2966487.0
Ming Ling,2,1,1.0,11134520.0,11134520.0
Mihai Serban,2,1,1.0,349836.0,349836.0
Michael Downey,2,1,2.3333333333333335,58678986.0,459046231.0
Matt Sickler,2,1,1.0,1943208.0,1943208.0
Mats Karrman,2,1,1.0,8093805.0,8093805.0
Mathias Koehrer,2,1,3.0,7436199.0,89059946.0
Mateusz Berezecki,2,1,1.0,23772251.0,23772251.0
Matej Groma,2,1,2.0,1130091.0,15987047.0
Martin Vuille,2,1,1.0,6087608.0,6087608.0
Martin Pitt,2,1,2.5,23632931.0,49046506.0
Martin Hauke,2,2,3.5,54574408.5,58603338.0
Maria Pasechnik,2,1,1.0,2587800.0,2587800.0
Manish Jaggi,2,1,1.0,36819796.0,36819796.0
Madhu Challa,2,1,3.0,102546678.0,141380472.0
Luhua Xu,2,1,1.0,1075780.0,1075780.0
Leon Luo,2,1,1.0,2529285.0,2529285.0
Konstantin Dorfman,2,1,1.0,82539892.0,82539892.0
Kieran Clancy,2,1,1.0,5186332.0,5186332.0
Kevin Smith,2,1,2.25,4743935.75,19069738.0
Ken Ma,2,1,1.0,18646442.0,18646442.0
Karl-Heinz Schneider,2,1,1.0,6491534.0,6491534.0
Kan Yan,2,1,1.0769230769230769,1851422.8461538462,2005708.0
Jun Nakajima,2,1,1.5,123871671.0,128364521.0
Jon Fraser,2,1,4.0,11649082.0,64082981.0
Jon Flatley,4,1,1.0,1096923.0,1096923.0
Jinke Fan,2,1,1.0,5169087.0,5169087.0
Jim Westfall,2,1,1.0,40827591.0,40827591.0
Jiahau Chang,2,1,1.0,5194250.0,5194250.0
Jerry Wong,2,1,1.0,32158067.0,32158067.0
Jerry Chuang,2,1,3.0,13.0,262577498.0
Jason Uy,2,1,1.0,4877576.0,4877576.0
Jacob Rasmussen,2,1,1.0,274814.0,274814.0
Jack Ma,2,1,1.0,1580597.0,1580597.0
Ico Doornekamp,2,1,1.0,743368.0,743368.0
Hugo Mills,2,1,1.0,4880940.0,4880940.0
huaibin Wang,2,1,1.0,105888011.0,105888011.0
Hideo Aoki,2,1,2.0,297778673.0,371562274.0
Harout Hedeshian,2,1,2.0,43178945.0,71626853.0
Hakjoo Kim,2,1,2.0,68504155.0,97437133.0
Guy Ergas,2,1,1.0,37580810.0,37580810.0
Gloria Li,2,1,1.0,11930622.0,11930622.0
Gil Rockah,2,1,1.0,17389857.0,17389857.0
Frank Shi,2,1,1.0,989795.0,989795.0
Federico Motta,2,1,1.0,1063048.0,1063048.0
Eugene Krasnikov,2,1,1.0,2459730.0,2459730.0
Ethan Lee,2,1,1.0,1555765.0,1555765.0
Erik Nordmark,2,1,1.0,50779294.0,50779294.0
Eric Saint-Etienne,2,1,1.0,9900871.0,9900871.0
Edward Chron,2,1,1.0,8893378.0,8893378.0
Eduardo Otubo,2,1,1.0,8373888.0,8373888.0
Dongchun Zhu,3,1,1.0,778814.0,778814.0
Dmitry Mastykin,4,1,1.0,14275599.0,14275599.0
David Somayajulu,2,1,1.0,416679429.0,416679429.0
David Held,2,2,2.0,100176736.0,100176736.0
David Calavera,2,1,1.0,674761.0,674761.0
David Brunecz,2,1,1.0,224031.0,224031.0
Darwin Dingel,2,1,1.0,3321070.0,3321070.0
Daniele Castagna,2,1,1.0,1478258.0,1478258.0
Craig Bergstrom,2,1,1.0,42774506.0,42774506.0
Cody Schuffelen,2,1,1.0,5026503.0,5026503.0
Christian Hansen,2,1,1.0,11440348.0,11440348.0
Chris Dickens,2,1,1.0,15291253.0,15291253.0
Chong Yuan,2,1,1.0,161361.0,161361.0
Chintan Patel,2,1,1.0,3699249.0,3699249.0
Chenyi Qiang,2,1,1.0,585601.0,585601.0
Chen Fan,2,1,1.0,110847138.0,110847138.0
chandramouli narayanan,2,1,3.0,323797.0,103788432.0
Cathy Zhou,2,1,1.0,4157021.0,4157021.0
Cambda Zhu,6,1,1.0,2319023.0,2319023.0
Caleb Raitto,2,1,1.0,218723.0,218723.0
Brian Kim,2,1,2.0,19121207.0,32844266.0
Boris Krasnovskiy,2,1,1.0,2636278.0,2636278.0
Bogdan Hamciuc,2,1,1.2,32532910.8,37084247.0
Bernd Krumboeck,2,1,1.0,211348709.0,211348709.0
Ben Kao,2,1,1.0,17625854.0,17625854.0
Basil Gor,2,1,1.0,78908761.0,78908761.0
Bartosz Folta,2,1,1.0,11503633.0,11503633.0
Asmaa Mnebhi,3,1,1.0,116483.0,116483.0
Ashley Hughes,2,1,1.0,6235022.0,6235022.0
Arun Raghavan,2,1,1.0,7194869.0,7194869.0
Archana Sathyakumar,2,1,1.0,18229841.0,18229841.0
Anirudh Ghayal,2,1,1.0,237809849.0,237809849.0
Anirudha Sarangi,2,1,1.0,70575628.0,70575628.0
Andrew Hunter,2,1,1.6666666666666667,48468747.125,62866210.0
Andrea Greco,2,1,1.0,15995050.0,15995050.0
Andrea Galbusera,2,1,1.0,66527799.0,66527799.0
Anant Gole,2,1,5.0,65396269.0,284243213.0
Amir Levy,2,1,1.0,1302856.0,1302856.0
Alex Wang,2,1,2.0,104014224.0,163688259.0
Adriana Kobylak,2,1,1.0,6392483.0,6392483.0
Abdun Nihaal,2,1,1.0,493429.0,493429.0
Aaron Salter,2,1,1.0,23587787.0,23587787.0
Zach Reizner,3,1,1.0,8376419.0,8376419.0
Zachary Zhang,3,2,2.0,23029798.0,23029798.0
Yunwei Zhang,3,2,9.0,53825939.2,73407078.0
Yue Wang,3,1,1.0,1761457.0,1761457.0
Yetunde Adebisi,3,1,2.0,36037854.5,36098538.0
Yadan Fan,3,1,1.0,36726339.0,36726339.0
Xing Wei,3,1,1.0,206280834.0,206280834.0
Xiaodong Liu,3,1,1.0,59309393.0,59309393.0
Weibing Zhang,3,1,1.0,41760180.0,41760180.0
Wang Lei,3,1,2.0,124190318.0,242398284.0
Vlad Lungu,3,1,5.0,14613336.0,178293996.0
Vincent Cheng,6,1,1.0,472382.0,472382.0
Victor Chibotaru,3,2,2.0,14967456.0,14967456.0
Vathsala Nagaraju,3,1,1.0,2519900.0,2519900.0
Valentin Raevsky,3,1,2.0,82270952.0,95831275.0
Uri Yanai,3,1,1.0,7709760.0,7709760.0
Trent Jaeger,3,1,2.0,250608070.75,313204493.25
Tom Mingarelli,3,1,5.0,39349455.0,206104216.0
Tim Sander,3,1,1.0,9310696.0,9310696.0
Tarun Vyas,3,2,3.3333333333333335,4476590.0,6178650.666666667
Tanmay Inamdar,3,1,2.0,115539062.0,119756339.0
Sylvain Chouleur,3,1,2.6,27975987.0,75006028.0
Sven Schmitt,3,1,1.0,38722982.0,38722982.0
Stefan Baranoff,3,1,1.0,410727.0,410727.0
Siddartha Mohanadoss,3,1,1.0,22197934.0,22197934.0
Shaun Ruffell,3,1,3.0,121343736.0,213565373.5
Sergio Valverde,3,1,1.0,33259010.0,33259010.0
Sergey Temerkhanov,3,1,1.0,49032006.0,49032006.0
Sebastian Basierski,3,2,2.0,43193532.0,43193532.0
Sayali Lokhande,5,1,1.5714285714285714,25929599.85714286,45376798.0
Ruchi Kandoi,3,1,1.0,16182511.0,16182511.0
Rohit Jain,3,1,2.0,15433411.5,50240407.0
Roald Frederickx,3,1,1.0,146481861.0,146481861.0
Ray Strode,3,1,1.0,16064122.0,16064122.0
Prasun Maiti,3,1,1.0,5415074.0,5415074.0
Prakash Gupta,3,1,1.0,16932750.0,16932750.0
Pradeep Satyanarayana,3,1,3.0,8202689.0,298635108.0
Phil Auld,4,1,1.0,17147558.0,17147558.0
Peter Heise,3,1,2.0,37249182.0,42797208.0
Peter Collingbourne,4,1,1.0,8943998.0,8943998.0
NOGUCHI Hiroshi,3,1,1.0,2992994.0,2992994.0
Nobuteru Hayashi,3,1,1.0,19128109.0,19128109.0
Niv Yehezkel,3,1,1.0,8477215.0,8477215.0
Neel Desai,3,1,1.0,10121714.0,10121714.0
Minoru Usui,3,1,8.0,15256599.0,238405597.0
Mikhail Skorzhinskii,3,1,1.0,637529.0,637529.0
Meny Yossefi,3,1,1.0,10793546.0,10793546.0
Mayurkumar Patel,3,1,1.0,28206236.0,28206236.0
Masato Suzuki,3,2,3.916666666666667,33361042.333333336,75111602.83333334
Mark Santaniello,3,1,1.5,4693469.5,9386938.0
Mariusz Ceier,3,1,1.0,2674906.0,2674906.0
Manish Kurup,3,1,1.0,11067108.0,11067108.0
Mamatha Inamdar,3,1,1.0,18480245.0,18480245.0
Mahesh Sivasubramanian,3,1,1.0,27949886.0,27949886.0
Luca Miccio,3,1,1.0,1829275.0,1829275.0
Liu Junliang,3,2,2.0,260748506.0,260748506.0
Lilach Edelstein,3,1,2.0,5633394.5,14193187.0
Liang Yang,3,1,1.0,5603757.0,5603757.0
Larry Bassel,3,1,1.0,32904372.0,32904372.0
Lakhvich Dmitriy,3,1,2.0,28349333.0,28349336.0
Kyeyoon Park,3,2,3.0,17849562.0,22195565.0
Krishna Reddy,3,1,1.0,13014613.0,13014613.0
Konstantin Sudakov,3,1,1.0,7790398.0,7790398.0
Kevin Groeneveld,3,1,1.0,159067505.0,159067505.0
Kenny Yu,3,1,2.0,16335869.0,21868471.0
karl beldan,3,1,1.0,87131.0,87131.0
Kang Luwei,3,1,1.0,4128529.0,4128529.0
Kalpak Shah,3,1,2.0,287734934.0,356842224.0
Julia Lemire,3,1,1.0,144535676.0,144535676.0
Josh Zimmerman,3,1,4.0,4031479.0,61776474.0
Jonathan Doron,3,1,1.0,86030380.0,86030380.0
John Haxby,4,1,1.0,55532672.0,55532672.0
jjian zhou,4,1,1.2,14872259.0,15633049.0
Jitendra Sharma,3,1,1.0,6595771.0,6595771.0
Jie Qiu,3,1,3.0,18937051.0,18937053.0
Jianwei Wang,3,1,1.0,16139622.0,16139622.0
Jiang Qiu,3,1,1.0,6281134.0,6281134.0
Jasper Mattsson,3,1,1.0,4877877.0,4877877.0
Jan Seiffert,3,1,1.0,61407166.0,61407166.0
Janne Karhunen,3,1,1.125,18210619.5,18588135.0
Jakob Unterwurzacher,3,1,1.0,51502761.0,51502761.0
Hubert Sokolowski,3,1,1.0,50898862.0,50898862.0
Hertz Wong,3,3,4.0,9947137.0,14724796.0
Henry Lin,3,2,2.0,565239.0,565239.0
Harald Hoyer,3,1,2.0,12445028.0,47083221.0
Haifeng Yan,3,1,3.0,14348456.0,64402332.0
Grigoryev Denis,3,1,1.0,25915998.0,25915998.0
Gonglei \(Arei\),3,1,1.0,5054114.0,5054114.0
George Wilkie,3,1,1.0,26516697.0,26516697.0
Frank Holton,3,1,3.0,80858529.0,117585502.0
Felix Jia,3,1,1.5,24239041.5,45728757.0
Fei Li,3,1,2.0,9299187.0,88227257.0
Fabian Henneke,3,2,2.0,17312364.0,17312364.0
Ettore Chimenti,3,2,2.0,31426079.0,31426079.0
Elvira Khabirova,3,1,1.0,3510800.0,3510800.0
Edgar Thier,3,1,1.0,13852131.0,13852131.0
Doug Meyer,3,1,1.0,12098219.0,12098219.0
Donald Yandt,3,1,1.0,1219228.0,1219228.0
Dmitry Korotin,3,2,2.0,17986265.0,17986265.0
Divagar Mohandass,3,1,1.3333333333333333,4322407.666666667,4538195.0
Dimitris Papavasiliou,3,1,1.0,2293538.0,2293538.0
Dima Kogan,3,2,5.0,11636553.0,40573756.0
Dianlong Li,3,1,1.0,2911651.0,2911651.0
David Woods,3,1,2.0,28203193.0,33733834.0
Dave Chiluk,3,1,1.5,3597349.0,2426189.0
Dan Rue,3,2,2.0,12556050.0,12556050.0
Danny Tholen,3,1,1.0,227501567.0,227501567.0
Dan Kruchinin,3,1,1.0,261548111.0,261548111.0
Daniel Colascione,3,1,2.0,18662768.0,26786028.0
Christophe Gouault,3,1,1.0,19189235.0,19189235.0
Chris Diamand,3,1,1.0,25033273.0,25033273.0
Chih-Chung Chang,3,1,6.0,29094100.0,208728233.0
chetan loke,3,1,1.0,71966107.0,71966107.0
Cedric Izoard,3,1,1.0,3040807.0,3040807.0
Bruce Chang,3,1,1.0,986585.0,986585.0
Brian Hill,3,1,3.5,33230310.0,307335771.0
Bhavesh Davda,3,1,2.0,14856387.0,26937128.0
Bhaskar Upadhaya,3,1,1.0,15895621.0,15895621.0
Ben Peddell,3,1,1.0,62029909.0,62029909.0
Benedict Wong,3,1,1.0,37463.0,37463.0
Barret Rhoden,4,1,2.0,1.0,4705062.0
Ash Charles,3,2,3.0,131640716.0,146672716.0
Antti Koskipaa,3,1,1.0,3370680.0,3370680.0
Anton Sviridenko,3,1,1.0,3821702.0,3821702.0
Anthony Romano,3,1,1.0,1389469.0,1389469.0
Ankitprasad Sharma,3,1,2.0,882769.0,3142173.0
Andrey Rusalin,3,1,1.0,87521400.0,87521400.0
Andrey Pronin,3,1,1.0,11814229.0,11814229.0
Andrew Pinski,3,1,1.0,24792999.0,24792999.0
Andrew Gallagher,3,1,2.0,99112437.81818181,160804140.0
Andrew Chant,3,2,2.0,3037448.0,3037448.0
Ander Juaristi,3,1,1.0,7208094.0,7208094.0
Alan Liu,3,1,1.0,3363989.0,3363989.0
Adam Nielsen,3,1,2.5,35700986.0,283334065.0
yu-cheng yu,4,1,1.0,1299580.0,1299580.0
Yong Deng,4,1,1.0,8322346.0,8322346.0
Won Kang,4,1,2.0,80648685.0,118511207.0
Wolfgang Rohdewald,4,1,1.3333333333333333,37450110.666666664,49081825.0
Wei-Chun Chao,4,1,1.0,2457794.0,2457794.0
Vivek Unune,6,1,1.0,34463633.0,34463633.0
Tuowen Zhao,4,1,2.0,-5614756.0,6911638.0
Trilok Soni,4,1,3.5,86334260.5,155615631.0
Tomasz Lis,4,1,1.0,9089032.0,9089032.0
Thomas Winter,4,1,1.0,167187.0,167187.0
Thilo Cestonaro,4,1,1.0,641399.0,641399.0
Tao Xu,4,1,1.0,6508467.0,6508467.0
Takeshi Saito,7,1,1.0,2212494.0,2212494.0
Takahiro Hirofuchi,4,1,6.0,192872049.0,278796095.0
Subrahmanya Lingappa,4,2,4.0,69421.0,37715636.0
Stephen Douthit,4,1,2.0,1.0,4808060.0
Stefan-gabriel Mirea,4,1,1.0,3482193.0,3482193.0
Spencer Baugh,4,1,1.0,45010550.0,45010550.0
Sirnam Swetha,4,1,1.0,7602814.0,7602814.0
ShuFan Lee,4,1,1.0,6299648.0,6299648.0
Shenwei Wang,4,1,1.0,51679396.0,51679396.0
Rupjyoti Sarmah,4,1,1.2857142857142858,110802333.85714285,130220749.0
Roman Kubiak,4,1,2.3333333333333335,9544857.0,56607988.0
Ricardo Mendoza,4,1,1.0,189069404.0,189069404.0
Radu Alexe,4,2,2.5,47537419.0,63383225.0
Piotr Stankiewicz,5,2,3.0,103098157.0,200567955.0
Philip Cox,4,1,1.0,4556272.0,4556272.0
Paul Donohue,4,1,1.0,3075787.0,3075787.0
Oskar Senft,4,1,1.0,11142998.0,11142998.0
Oren Duer,4,1,2.0,50635195.0,94283615.0
Ollie Wild,4,1,2.5,19733038.0,313420841.0
Ognjen Galic,4,1,1.6666666666666667,8456389.0,12684542.0
Nagarathnam Muthusamy,4,1,1.0,33420082.0,33420082.0
Mohamed Ghannam,4,1,1.0,2545426.0,2545426.0
Mikhael Goikhman,4,1,1.0,3682975.0,3682975.0
Marcus Wolf,4,1,1.0,255574.0,255574.0
Maoguang Meng,4,1,1.75,87294222.0,113308404.75
Mahipal Challa,4,2,2.0,66422366.0,66422366.0
Leandro Dorileo,4,2,2.0,7171919.0,7171919.0
keita kobayashi,4,1,1.0,24705409.0,24705409.0
Kaihua Zhong,4,1,1.0,4136943.0,4136943.0
Jon Brenner,4,2,4.0,298569812.0,331828180.0
Jay Dolan,4,1,1.0,603396.0,603396.0
Javier Lopez,4,1,2.0,82125409.0,156215735.0
James Schulman,5,1,1.0,912878.0,912878.0
James Harper,4,2,2.0,150047854.0,150047854.0
Jagdish Gediya,4,1,1.0,10154835.0,10154835.0
Jacob Tanenbaum,4,1,1.0,4143626.0,4143626.0
Ian Jamison,4,1,1.0,3857432.0,3857432.0
Hyungwoo Yang,4,1,1.0,12530684.0,12530684.0
Han Nandor,4,2,2.0,29862027.0,29862027.0
Haggai Abramovsky,4,3,3.1,10139589.1,10374400.0
Guoqing Zhang,4,3,4.714285714285714,16925715.42857143,25093237.0
Govindraj Raja,4,1,1.0,14499301.0,14499301.0
Goran Ferenc,4,1,1.0,2506397.0,2506397.0
Glenn Streiff,4,1,1.0,356150020.0,356150020.0
Girish Mahadevan,4,1,1.0,16337130.0,16337130.0
Fan Zhang,4,2,2.0,34504582.0,34504582.0
Eyal Davidovich,4,1,1.0,10368207.0,10368207.0
Erik Kline,4,1,1.8571428571428572,55568441.428571425,70039651.42857143
Eric Andersson,4,1,1.0,116100786.0,116100786.0
Enrico Granata,4,1,1.0,14521722.0,14521722.0
Eelco Chaudron,11,1,1.0,435351.0,435351.0
Dylan Howey,4,1,1.0,5317412.0,5317412.0
Doug Leith,4,1,1.0,177823673.0,177823673.0
David Wragg,4,1,1.3333333333333333,9065095.5,10743906.0
David Summers,4,1,1.0,14443275.0,14443275.0
Daniel Vacek,4,1,1.0,416304.0,416304.0
Chris Fries,4,1,1.0,1700940.0,1700940.0
Brian Behlendorf,4,1,2.5,81636141.5,263876708.0
Bob Ham,4,1,1.0,29542973.0,29542973.0
Balakumaran Kannan,4,1,3.0,6452965.0,111360335.0
Artem Blagodarenko,4,1,1.0,40404834.0,40404834.0
Arseny Maslennikov,4,1,1.0,12517476.0,12517476.0
Andreas Oetken,4,1,1.5,43330996.0,50379424.0
Andreas Brauchli,4,1,2.0,5021564.0,7438540.0
Andrea Claudi,4,1,1.0,351429.0,351429.0
Alon Ziv,4,1,6.0,11863077.0,127877712.0
Alexander Smirnov,4,1,1.0,74729468.0,74729468.0
Alberto Aguirre,4,2,3.0,97812185.0,152741244.0
Ajit Pandey,4,1,1.0,87334.0,87334.0
Zoran Markovic,5,1,2.0,90688590.0,189219328.0
Zong-Zhe Yang,11,1,1.0,4138414.0,4138414.0
Zhichang Yuan,5,3,4.0,58613972.0,102056009.0
Zhao Chen,5,1,1.0,935347.0,935347.0
Yi Sun,5,1,1.0,14919486.0,14919486.0
Y.b. Lu,5,1,1.0,350511.0,350511.0
Xiaowei Song,5,1,1.0,24879313.0,24879313.0
Wei Dong,5,1,6.0,35587843.0,203788106.0
Voon Weifeng,9,1,1.0,330954.0,330954.0
Vidyullatha Kanchanapally,5,1,1.0,16970997.0,16970997.0
Vidya Srinivas,5,1,1.0,3683702.0,3683702.0
Venkat Venkatsubra,5,1,1.0,94761570.0,94761570.0
Venkata Duvvuru,5,1,1.0,5018553.0,5018553.0
Ulrich Weigand,6,1,1.0,109735470.0,109735470.0
Subodh Nijsure,5,1,1.0,12492187.0,12492187.0
Steve Rutherford,6,3,3.0,91894180.0,91894180.0
Slava Shwartsman,5,1,1.0,108646990.0,108646990.0
Simon Xiao,5,1,3.0,6223988.0,16322699.0
Shinta Sugimoto,5,2,4.0,588268962.0,588433827.0
Shao Fu,5,1,2.0,9933973.0,21623136.0
Sergey Yanovich,5,1,1.0,3623245.0,3623245.0
Saranya Gopal,5,2,2.0,10618298.0,10618298.0
Sanskriti Sharma,5,1,1.0,7602520.0,7602520.0
Rui Feng,6,2,2.0,8197496.0,8197496.0
Robert Walker,5,1,1.0,17717691.0,17717691.0
Rishabh Bhatnagar,6,1,1.0,1675567.0,1675567.0
Rayagond Kokatanur,5,2,7.0,271743691.0,411748552.0
Rajagopal Venkat,5,1,2.0,63285697.5,211687304.0
Raghav Dogra,5,1,1.0,29735649.0,29735649.0
Qiufang Dai,5,1,1.0,1427223.0,1427223.0
Pierre-Hugues Husson,5,1,1.0,4070340.0,4070340.0
Nan Li,5,1,3.0,7382908.0,15282413.0
Mircea Gherzan,5,1,1.25,60466808.75,72729185.75
Mike Crowe,5,1,1.0,275476087.0,275476087.0
Michael LeMay,5,1,5.0,66.0,409020449.0
Maximilian Luz,5,2,2.0,18470392.0,18470392.0
Marta Rybczynska,5,1,1.0,3603618.0,3603618.0
Marina Varshaver,5,1,1.0,7915982.0,7915982.0
Ma Jun,6,1,1.0,44207931.0,44207931.0
Luca Olivetti,5,1,3.0,161140584.0,392071335.0
Li Xu,5,2,2.0,6632333.0,6632333.0
Lior Cohen,5,1,2.5,9246701.5,20319814.0
KV Sujith,5,1,4.0,74790967.0,143135541.0
Kristian Klausen,6,1,1.0,504895.0,504895.0
Kozlov Sergey,5,1,1.0,4090339.0,4090339.0
Khouloud Touil,6,1,1.0,255010.0,255010.0
Kenjiro Nakayama,5,1,1.0,4851742.0,4851742.0
Kemi Wang,5,2,3.0,3023098.0,40520435.0
Kei Tokunaga,5,1,2.3333333333333335,62368604.333333336,264582917.66666666
Kapileshwar Singh,5,1,1.0,23503471.0,23503471.0
Kalyan Thota,8,1,1.0,5091507.0,5091507.0
Junwei Hu,5,1,1.375,272251.0,306030.5
Jun Chen,5,1,2.0,76129692.0,139533414.0
Julien Grossholtz,5,1,1.0,2420571.0,2420571.0
John Muir,5,1,3.0,191977931.0,281365097.0
jiada wang,5,2,2.0,48297052.0,48297052.0
Jerome Anand,5,3,3.0,13901878.0,13901878.0
Jeff Barnhill,5,1,1.0,259968.0,259968.0
Jan Niehusmann,5,1,1.0,2289793.0,2289793.0
Jacob Siverskog,5,1,1.0,53014495.0,53014495.0
Jackie Li,5,1,1.0,816628.0,816628.0
Ivan Hu,5,1,1.0,36830956.0,36830956.0
Horatiu Vultur,24,1,1.0,307977.0,307977.0
Horace Chen,5,1,1.0,2084903.0,2084903.0
Helmut Klein,5,1,1.0,14322162.0,14322162.0
Hechao Li,5,1,1.0,4396445.0,4396445.0
Harry Morris,5,1,1.0,14508446.0,14508446.0
Gu JinXiang,5,1,1.0,6129926.0,6129926.0
Greg Suarez,5,1,1.0,4477094.0,4477094.0
Gangfeng Huang,5,1,1.0,55600016.0,55600016.0
Furquan Shaikh,5,1,1.0,3494977.0,3494977.0
Forrest Liu,5,1,2.0,20453608.25,23033726.75
Ethan Lien,5,1,1.0,16943583.0,16943583.0
Erwan Velu,6,1,1.0,4082710.0,4082710.0
Erico Nunes,5,1,2.0,2046438.0,2110563.0
Eric Jeong,5,1,1.5,6408507.0,9692631.0
Dingchen Zhang,5,1,1.0,10881533.0,10881533.0
Diego Dorta,5,1,1.0,5810681.0,5810681.0
David Bauer,6,1,1.0,17918066.0,17918066.0
Daniel Campello,6,1,1.0,5363462.0,5363462.0
Christina Jacob,5,1,1.0,787773.0,787773.0
Christian Kellner,5,1,1.0,11777975.0,11777975.0
Bartlomiej Dudek,5,2,2.0,20631164.0,20631164.0
Avi Fishman,5,1,1.0,612241.0,612241.0
Austin Christ,5,1,1.0,1747075.0,1747075.0
Ashley Lai,5,2,4.0,133815620.0,187203748.0
Aravinda Prasad,5,1,1.0,10803999.0,10803999.0
Anoob Soman,5,1,1.5,11464311.0,11513565.0
Allen Yan,5,1,1.0,16515115.0,16515115.0
Alexey Perevalov,5,1,1.0,32269139.0,32269139.0
Alexandr Smirnov,5,1,3.0,237173393.0,290281467.0
Alexandre GRIVEAUX,5,1,1.0,13558738.0,13558738.0
Alexander Bersenev,7,1,2.0,14245357.0,48507565.0
Adi Nissim,5,1,1.0,5596664.0,5596664.0
Abhijeet Kumar,5,1,1.0,10452615.0,10452615.0
Zhongzhu Liu,6,1,1.0,12154728.0,12154728.0
Yoshiki Komachi,7,1,1.0,3875120.0,3875120.0
yong mao,7,1,3.0,18555591.0,58682325.0
Yana Esina,6,2,3.0,14269247.0,15661274.0
Xue Liu,6,1,1.0,787461.0,787461.0
Xavier Deguillard,6,2,6.0,4764879.75,184254411.0
Wenpeng Liang,10,1,1.0,1173608.0,1173608.0
Weilin Chang,6,1,1.0,86412.0,86412.0
Weike Chen,6,1,2.0,1909753.0,50797981.0
Vikas Gupta,6,2,2.0,7597455.0,7597455.0
Vijay Viswanath,6,2,2.0,18132134.0,18132134.0
Vabhav Sharma,6,1,2.0,33628517.0,44133403.0
Tzipi Peres,6,1,1.0,8459830.0,8459830.0
Troy Tan,6,1,2.0,22766031.0,111257822.0
Tri Vo,6,1,1.0,600727.0,600727.0
Thomas Pfaff,6,1,2.0,335873.0,227141008.0
Stefan Chulski,6,3,3.0,1693136.0,1693136.0
Shaobo Xu,6,2,3.666666666666667,55997848.0,75897195.0
Shane Wang,6,1,1.0,277456635.0,277456635.0
Sanidhya Kashyap,6,2,2.0,72074957.0,72074957.0
Sandeep Tripathy,6,1,1.0,1338409.0,1338409.0
Sandeep Singh,6,2,2.0,61451074.0,61451074.0
Robert Lippert,6,1,2.0,25054127.0,43411999.0
Qing Huang,6,1,1.0,653378.0,653378.0
Purushottam Kushwaha,6,1,1.0,440905.0,440905.0
Przemyslaw Gaj,6,1,1.0,2032508.0,2032508.0
Praveen Madhavan,6,1,1.0,72069137.0,72069137.0
Prasad Sodagudi,6,1,1.0,10866704.0,10866704.0
Piotr Bugalski,6,2,5.0,11060774.0,35004947.0
Pierre Tardy,6,2,4.0,158834717.0,482688641.0
Oussama Ghorbel,6,1,3.0,81178124.0,164401971.0
Nikhil Mahale,6,2,2.0,7376767.0,7376767.0
Nick Terrell,6,1,2.0,11006536.0,24037944.0
Nandita Dukkipati,6,1,1.0,102254795.0,102254795.0
Murthy Bhat,6,1,1.0,9397655.0,9397655.0
Michael Moese,6,1,1.0,50740555.0,50740555.0
Michael Hund,6,1,2.2,184502386.1,450730464.0
Maximilian Schneider,6,1,1.0,181034093.0,181034093.0
Mark Tomlinson,6,1,1.0,100123772.0,100123772.0
Mario Schuknecht,6,2,8.0,208928672.0,261710295.0
Maria Dimakopoulou,6,1,1.0416666666666667,15282939.5,15947415.0
Larry Woodman,6,1,1.5,265196351.5,341227119.0
Lance Ortiz,6,1,2.0,13070503.0,194181505.0
Kevin Brodsky,6,1,1.0,30229607.0,30229607.0
Karoly Pados,6,1,1.0,9585052.0,9585052.0
Justin Skists,6,1,1.0,383848.0,383848.0
Jun Piao,6,1,1.0,23676327.0,23676327.0
Jeremy Soller,6,2,2.0,4366784.0,4366784.0
Jaechul Lee,6,1,2.6666666666666665,45273385.333333336,64697670.0
Jack Yu,9,2,2.0,1400159.0,1400159.0
Jacky Bai,6,1,1.0,17248515.0,17248515.0
Hongwei Zhang,6,1,1.0,3249785.0,3249785.0
Haggai Abramonvsky,6,1,2.5,12046124.0,85134984.0
Guillaume Gardet,6,1,1.0,5335586.0,5335586.0
G Kranthi,6,1,1.0,187899.0,187899.0
Giuseppe Barba,6,2,3.0833333333333335,55962393.583333336,72202242.41666666
Freddy Xin,6,1,1.0,175991860.0,175991860.0
Francis Yan,6,2,2.0,64220180.0,64220180.0
Eric Caruso,6,1,1.0,3628188.0,3628188.0
Erel Geron,7,1,1.0,2343121.0,2343121.0
Douglas Fuller,6,1,1.0,115458426.0,115458426.0
Divya Indi,6,1,1.0,10100286.0,10100286.0
Denis Osterland,6,1,1.0,2929872.0,2929872.0
Deepak Khungar,6,1,1.0,16016821.0,16016821.0
David Laight,7,1,1.0,4805378.0,4805378.0
David Dai,12,1,1.0,28482150.0,28482150.0
Dan Robertson,6,1,1.0,2311659.0,2311659.0
Cosmin-Gabriel Samoila,6,1,1.0,174862.0,174862.0
Bhanu Gollapudi,6,1,2.3333333333333335,86196498.66666667,251475546.0
Ben Chuang,9,1,1.0,13917916.0,13917916.0
Avinash Repaka,6,1,1.0,76767202.0,76767202.0
Ariej Marjieh,6,1,1.5555555555555556,11635275.111111112,23898592.0
Andrew Honig,6,1,1.0,63920487.0,63920487.0
Amir Hanania,6,1,3.5,24470228.5,168407754.0
Alin Nastac,6,3,3.25,15885442.75,18573432.0
Alexander Kappner,6,2,2.0,4901783.0,4901783.0
Aleksei Gimbitskii,6,1,1.0,1718311.0,1718311.0
Akash Gajjar,6,1,1.0,15745100.0,15745100.0
Ajay Joshi,6,2,3.0,7996272.0,7996272.0
Zi Yan,7,2,2.0,4888659.0,4888659.0
Zeng Tao,7,1,1.0,40001649.0,40001649.0
Yalin Wang,7,1,2.0,82474528.0,139534670.0
Wan Zongshun,7,3,5.1,9584986.2,86903273.0
Vishal Mahaveer,7,1,2.0,16415826.0,63006063.0
Vanessa Maegima,7,1,1.3333333333333333,9004299.0,19507423.0
Tony Xie,7,1,1.0,1477208.0,1477208.0
Suraj Sumangala,7,1,2.4285714285714284,184617748.57142857,284956178.0
Stuart Hodgson,7,1,1.0,39691024.0,39691024.0
Stanislav Kholmanskikh,7,1,1.0,697340.0,697340.0
shamir rabinovitch,7,1,1.0,337930.0,337930.0
Shaker Daibes,7,1,1.0,406719.0,406719.0
Shachar Raindel,7,2,2.0,82840186.0,82840186.0
Sangwook Lee,7,1,1.0,133753155.0,133753155.0
Sandeep Maheswaram,23,1,1.0,2383918.0,2383918.0
Sainath Grandhi,7,1,1.0,12934920.0,12934920.0
Rik Snel,7,1,1.0,372334101.0,372334101.0
Raveendra Padasalagi,7,1,1.0,27817927.0,27817927.0
Praveen Paneri,7,1,4.0,1354436.0,16346331.0
Peter Krystad,12,1,2.5,1.0,1530688.5
Ondrej Kozina,7,1,1.0,6133700.0,6133700.0
Nobuo Iwata,7,1,2.0,31113030.0,102861341.0
Nick Cheng,7,1,3.0,87171152.0,202459193.0
Nagadheeraj Rottela,7,1,1.0,1797980.0,1797980.0
Michal Rostecki,12,1,1.0,2140687.0,2140687.0
Mauro Rossi,7,1,1.0,94583.0,94583.0
Matthew Minter,7,1,1.0,8348683.0,8348683.0
Matt Chen,7,1,1.0,11527262.0,11527262.0
Matjaz Hegedic,7,1,2.0,1208636.0,1535249.0
Marc St-Jean,7,2,5.0,19403844.0,635171593.0
Marc Orr,7,1,2.6666666666666665,1.0,22250252.0
Maggie Zhang,7,1,1.0,110316053.0,110316053.0
Luka Perkov,7,1,1.0,90252365.0,90252365.0
Long Cheng,8,1,1.0,4187660.0,4187660.0
Kelvin Cao,7,1,2.0,4132527.0,41527322.0
Juliet Kim,8,2,2.0,1275276.0,1275276.0
Jolly Shah,7,1,1.0,3158703.0,3158703.0
Johan Fjeldtvedt,7,1,2.0,703594.0,1813135.0
Jim Snow,7,1,1.0,20094955.0,20094955.0
Jim Davis,7,1,1.5,18440062.0,29487044.0
Jie Deng,7,1,1.0,1046694.0,1046694.0
Jianxin Pan,13,1,1.0,11509371.0,11509371.0
Jean-Christophe Trotin,7,1,1.0,3345955.0,3345955.0
Jan-Marek Glogowski,7,1,2.0,0.0,2857615.0
James Prestwood,7,1,2.0,4771148.0,7753877.0
Ivan Delalande,8,1,1.0,414255.0,414255.0
Huibin Hong,7,1,3.0,910700.0,15904367.0
Hebbar Gururaja,7,1,1.3333333333333333,39977941.333333336,45366271.0
Hassan Naveed,7,1,4.0,13763168.0,23139306.0
Harunobu Kurokawa,7,1,2.0,79263718.0,105077560.0
Grzegorz Andrejczuk,13,1,1.0,895482.0,895482.0
Gabriel Somlo,7,1,1.0,1209640.0,1209640.0
Francesco Virlinzi,7,1,7.0,4452941.5,148113286.0
Fariya Fatima,7,1,2.0,104430008.0,109962470.0
Eric Biederman,7,1,2.5,103304610.5,326986383.0
Egor Pomozov,7,2,2.0,699840.0,699840.0
Duncan Laurie,7,2,4.222222222222222,110714943.44444445,275375779.0
Dengcheng Zhu,7,1,1.0,10619287.0,10619287.0
Dave Penkler,7,2,2.5,30232596.5,37459807.0
Chris Elston,7,1,4.5,38938933.5,173988006.0
Charles McLachlan,7,1,1.0,4341771.0,4341771.0
Chao Fu,7,1,1.0,49350490.0,49350490.0
Brad Mouring,7,1,2.0,2725924.0,13889015.0
Antonio Murdaca,7,1,1.0,5956234.0,5956234.0
Alexander Tsoy,12,1,1.0,285726.0,285726.0
Alexander Couzens,7,1,1.0,24458562.0,24458562.0
Adrian Alonso,7,2,2.0,19491268.0,19491268.0
Aditya Shankar,7,2,2.0,70773784.0,70773784.0
Adam Wallis,7,1,1.0,5410510.0,5410510.0
Adam Langley,7,1,3.0,19345207.0,359118344.0
Abhishek Goel,7,1,1.0,29883866.0,29883866.0
Zeng Zhaoming,8,1,1.8571428571428572,192915611.7142857,255892687.7142857
Yelena Krivosheev,8,1,1.0,5433489.0,5433489.0
Yamin Friedman,10,2,2.0,21263304.0,21263304.0
Vishal Thanki,8,1,1.0,12542273.0,12542273.0
Steven Capper,8,1,1.0,104920751.0,104920751.0
Sreedhara DS,8,1,1.0,166041630.0,166041630.0
Ryan Grimm,8,1,2.0,15090107.5,18451944.0
Rongrong Zou,8,2,2.0,5633215.0,5633215.0
Roland Kammerer,8,1,1.0,98785.0,98785.0
Rob Swindell,8,1,2.0,12866543.0,51466167.0
Rafael Antognolli,9,1,1.0,660789.0,660789.0
QingFeng Hao,8,1,1.0,10357145.0,10357145.0
Pradeep Bhat,8,1,4.0,30286026.53846154,53150337.0
Pierre Moreau,8,1,2.0,-17611167.0,37716194.0
Pi-Cheng Chen,8,1,1.0,1343752.0,1343752.0
PC Liao,8,2,4.0,91046683.0,160458670.0
Omer Peleg,8,2,2.0,7712517.0,7712517.0
Ola Olsson,8,1,1.0,15155840.0,15155840.0
Mykola Lysenko,8,1,1.0,10303567.0,10303567.0
Min He,8,1,2.0,18484130.0,25085140.0
Michael Shych,8,1,1.5,17933831.0,35867659.0
Markus Brunner,8,1,1.0,2659526.0,2659526.0
Marek Kwaczynski,8,2,5.6,75085418.4,113505685.8
Manjunatha Halli,8,1,1.0,257118741.0,257118741.0
Maithili Hinge,8,1,2.3333333333333335,52581041.0,103426368.0
Linus Luessing,8,2,3.4,54506186.2,78346133.2
Kevin Darbyshire-Bryant,8,1,1.2857142857142858,820469.2857142857,1148657.0
Junjie Mao,8,1,1.0,1506926.0,1506926.0
Jordan Niethe,38,1,1.0,1476432.0,1476432.0
Jim Bride,8,2,4.6,26536085.6,33658261.2
Jan Kardell,8,1,1.0,13210396.0,13210396.0
Ilia Lin,8,3,3.0,13534372.0,13534372.0
Huang Zijiang,10,1,1.0,385127.0,385127.0
Hsin-Hsiung Wang,13,1,1.0,5146293.0,5146293.0
Gregoire Pichon,8,1,1.0,7777490.0,7777490.0
Graham Moore,8,1,1.0,11345233.0,11345233.0
Frank Mayhar,9,1,2.857142857142857,130922023.85714285,263501783.0
Florian Meier,8,1,1.5,107039451.25,137233403.0
Donald Sharp,8,1,1.0,1173470.0,1173470.0
Dilip Kota,11,1,1.0,906298.0,906298.0
Cristina Ciocan,8,4,6.666666666666666,42785046.0,155204262.0
CQ Tang,8,1,2.0,91338209.5,162609291.0
Chris Novakovic,8,1,1.0,1702311.0,1702311.0
Chintan Pandya,8,2,3.0,30114914.0,61627109.0
Carl Huang,8,1,1.0,1507310.0,1507310.0
Brad Bishop,8,2,6.0,9509.0,13559164.0
bob picco,8,1,1.0,2813782.0,2813782.0
Benjamin Beichler,8,3,3.0,32706712.0,32706712.0
Arun Chandran,8,2,9.0,13438669.666666668,93187319.22222222
Armando Visconti,8,1,1.0,273428833.0,273428833.0
Ansis Atteka,8,1,1.0,104335425.0,104335425.0
Andrei Varvara,8,1,1.0,139099823.0,139099823.0
Anders Darander,8,1,1.0,80835922.0,80835922.0
Anders Berg,8,1,2.5,60347869.5,112765287.0
Alex Lu,8,2,2.0,10938400.0,10938400.0
Ahmed Abdelsalam,10,2,2.666666666666667,16551480.0,35150196.0
Agustin Vega-Frias,8,2,2.0,5577966.0,5577966.0
Aditya Swarup,10,1,1.0,2154265.0,2154265.0
Adam Zerella,8,1,1.0,7607958.0,7607958.0
Zain Wang,9,1,1.6,73258276.2,101616066.0
Vennila Megavannan,9,1,2.857142857142857,16802393.0,52380219.28571428
Timo Wischer,9,2,2.0,12425937.0,12425937.0
Terje Bergstrom,9,2,2.0,65771393.0,65771393.0
Tariq Saeed,9,1,1.0,21686261.0,21686261.0
Taras Kondratiuk,9,2,2.0,8610250.0,8610250.0
Sri Deevi,9,1,4.25,154993568.75,206805279.75
Satish Ashok,9,3,4.5,218022582.0,222128162.0
Roman Yeryomin,9,1,1.0277777777777777,4979033.972222222,4979034.0
Richard Sailer,9,1,1.0,6730867.0,6730867.0
Richard Haines,10,3,3.4,97137600.2,99552975.0
Rana Shahout,9,4,8.5,29108341.0,106408567.0
Ramiro Oliveira,9,1,1.0,5675255.0,5675255.0
Rafal Ozieblo,9,3,4.0,37494995.0,119684460.0
Po Liu,14,5,7.0,37941520.0,110038138.0
Peter Geis,9,1,2.0,1571084.0,11732404.0
Oskari Lemmela,9,1,1.0,36151254.0,36151254.0
Nikesh Oswal,9,2,2.0,58756806.0,58756806.0
Mike Maloney,9,1,1.0,3771898.0,3771898.0
Maxim Altshul,9,1,1.0,11551132.0,11551132.0
Matt Mullins,9,1,2.0,5363348.0,6590752.0
Matti Aaltonen,9,1,1.0,278721118.0,278721118.0
Marco Angaroni,9,1,1.0,3545500.0,3545500.0
Manoj Kumar,9,1,2.0,26317805.0,30425027.5
Maksim Salau,9,1,1.0,1558805.0,1558805.0
Liming Sun,9,3,3.0,48230844.0,48230844.0
Ingi Kim,9,1,1.0,37699361.0,37699361.0
Ilya Maximets,9,1,1.0,874777.0,874777.0
Henry Burns,9,1,1.0,511806.0,511806.0
Helmut Buchsbaum,9,1,1.0,226519.0,226519.0
Hamish Martin,10,1,1.0,21935594.0,21935594.0
GhantaKrishnamurthy MohanKrishna,9,5,6.0,51659859.0,81875594.0
Gaurav Minocha,9,1,4.0,8703355.0,163811393.0
Francesco Fusco,9,1,1.0,93280188.0,93280188.0
Eunbong Song,9,1,2.5,34342215.0,115730150.0
Eric Garver,9,2,2.0,3453361.0,3453361.0
Emiliano Ingrassia,9,1,1.5,18583552.5,27853394.0
Einar Lueck,9,1,2.4,89324478.0,174021692.2
Dmitry Fomichev,9,1,1.0,735305.0,735305.0
Daniel Jeong,9,2,3.0,211248459.0,309380027.0
chunfan chen,9,1,1.0,1729991.0,1729991.0
Christophe Kerello,15,1,1.0,15328987.0,15328987.0
Christian Pellegrin,9,2,4.5,269129628.0,471047841.0
Christian Hemp,9,1,3.0,44999040.0,180723678.0
Chris Friesen,9,1,1.8333333333333333,47837597.166666664,61986692.0
Catalin Vasile,9,2,3.1333333333333333,42983827.93333333,92181552.8
Bogicevic Sasa,9,1,1.0,11784483.0,11784483.0
Azhar Shaikh,9,2,3.0,28019765.666666664,28149731.0
Andri Yngvason,9,1,1.0,109820.0,109820.0
Andrew Zaborowski,9,1,1.0,29423871.0,29423871.0
Alexandre Rames,9,1,1.0,72845606.0,72845606.0
Aleksey Babahin,9,1,2.5,19174964.0,175608468.0
Alain Knaff,9,1,1.0,187326709.0,187326709.0
Abhishek Pandit-Subedi,23,1,1.0,2634370.0,2634370.0
Yao Yuan,10,1,1.0,81640176.0,81640176.0
Yangyang Li,11,2,2.0,31949314.0,31949314.0
Yair Shachar,10,1,1.0,25563219.0,25563219.0
Wen Xiong,10,1,1.0,12608588.0,12608588.0
Vishwanath Pai,10,3,3.0,12030064.0,12030064.0
Vijay Immanuel,10,1,1.0,5395939.0,5395939.0
Tom Murphy,11,1,1.0,3427435.0,3427435.0
Sunil Muthuswamy,10,2,2.0,8451094.0,8451094.0
S Twiss,10,2,2.0,261874474.0,261874474.0
Steve Lin,10,1,1.0,13676670.0,13676670.0
Stephen Bates,10,1,1.0,1161308.0,1161308.0
Stephen Barber,10,2,2.0,83704299.0,83704299.0
Stanislav Lisovskiy,34,1,1.0,4129856.0,4129856.0
Srinivas Dasari,10,1,1.0,669709.0,669709.0
Siva Reddy,2,1,1.0,584870.0,584870.0
Shubhangi Shrivastava,10,2,3.0,1102710.0,10598301.0
Rick Edgecombe,11,1,1.0,2753961.0,2753961.0
Prasad Kanneganti,10,1,1.0,515061.0,515061.0
Pawan Gupta,10,2,2.0,8145902.0,8145902.0
Pavel Tikhomirov,10,1,1.0,62131191.0,62131191.0
Nicolas Royer,10,1,3.6666666666666665,135205364.0,233636369.0
Naidu Tellapati,10,2,2.0,14221134.0,14221134.0
Murton Liu,10,1,1.0,2416083.0,2416083.0
Mikhail Zaslonko,10,1,1.0,3008292.0,3008292.0
Michio Honda,10,1,2.111111111111111,71635332.0,120315199.22222222
Micah Morton,10,2,2.0,28373414.0,28373414.0
Matt Schulte,10,1,2.0,132299586.0,133054429.0
Mathieu Olivari,10,2,5.0,14731893.074074075,59542411.14814815
Matheus Castello,11,2,3.0,35390355.0,36989545.0
Markus Grabner,10,1,4.0,185305613.0,239015836.0
Lee Duncan,10,1,1.5,45642025.5,47686828.0
Krystian Garbaciak,10,2,2.0,244550592.0,244550592.0
Komal Shah,10,1,6.0,27819524.0,270812368.0
Kittipon Meesompop,10,1,1.0,16944925.0,16944925.0
Kent Gibson,12,2,3.0,11410315.0,10192484.0
Jun Gao,10,1,1.0,13981593.0,13981593.0
John Barberiz,10,1,1.0,2064753.0,2064753.0
Jia Zhang,10,1,1.0,1931805.0,1931805.0
Jiaxin Yu,10,1,1.0,311742.0,311742.0
Jian Hu,10,4,6.833333333333334,20129369.166666668,33356163.0
Jens Kuske,10,1,1.0,659946.0,659946.0
Jeffrey Carlyle,10,1,1.0,297260488.0,297260488.0
Jean-Michel Hautbois,10,1,1.0,10199083.0,10199083.0
Jaska Uimonen,13,2,2.0,1520569.0,1520569.0
Haixia Shi,10,1,1.0,472337.0,472337.0
Graeme Smecher,10,1,1.0,21799790.0,21799790.0
Eyal Reizer,10,2,2.0,1948497.0,1948497.0
Eugene Korenevsky,10,1,1.0,37003124.0,37003124.0
Eric Ren,10,1,1.0,4149743.0,4149743.0
Elen Song,10,2,4.0,52984598.0,217151059.0
Dave Taht,10,2,2.0,3085694.0,3085694.0
Daniel Mentz,10,1,1.0,1525281.0,1525281.0
Dan Ehrenberg,10,2,3.2857142857142856,103586941.14285715,210600663.0
Chen Zhong,10,1,1.3333333333333333,38098443.0,43353581.0
Cathy Avery,11,1,2.0,17000060.0,23644956.0
Brian Welty,10,1,1.0,93228798.0,93228798.0
Brian Vazquez,10,1,1.0,349058.0,349058.0
Bintian Wang,10,1,1.0,71128199.0,71128199.0
Bill O'Donnell,10,1,1.0,570088.0,570088.0
Ben Segall,10,2,3.833333333333333,181196141.19047618,246754913.1666667
Benoit Goby,10,1,1.0,53153190.0,53153190.0
Balaji Pothunoori,10,1,1.0,16590590.0,16590590.0
Arun Murthy,10,1,2.0,135631806.0,180849785.0
Arianna Avanzini,10,3,6.0,66404498.0,116709618.0
Andy Honig,10,1,2.0,55086975.0,214696708.0
Andreas Pape,10,1,2.0,1.0,22106475.0
Amber Jain,10,1,2.0,34946871.0,244943912.0
Alexandra Yates,10,2,2.0,49503269.0,49503269.0
Zumeng Chen,11,1,1.0,21309206.0,21309206.0
yuan linyu,11,1,1.0,249156.0,249156.0
Xiao Ni,11,1,1.5,6532427.5,13084297.0
Wincy Van,11,2,5.333333333333334,24766035.888888888,129674426.8888889
Wen He,11,1,1.0,4481464.0,4481464.0
Venkat Gopalakrishnan,11,2,3.0,50431926.0,83038450.0
Suwan Kim,11,1,1.0,4773756.0,4773756.0
srinivas pandruvada,11,1,2.5,96959558.0,143861275.0
Simon Xue,11,2,2.5,10143350.0,13524466.0
Shaun Tancheff,11,3,3.0,63622868.0,63622868.0
Sergio Prado,11,1,1.0,25915697.0,25915697.0
Ruchika Gupta,11,1,2.4705882352941178,47608711.058823526,125004425.58823529
Rony Efraim,11,3,5.5,151772822.0,257285502.0
Radu Pirea,12,1,1.0,10515729.0,10515729.0
Rabie Loulou,11,2,2.333333333333333,14446460.0,13238070.0
Philippe Cornu,11,1,1.0,76988.0,76988.0
Pawel Dembicki,14,2,2.5,4563118.5,4772723.0
Neelesh Gupta,11,2,2.0,168781156.0,168781156.0
Naveen Singh,11,1,1.0,206831651.0,206831651.0
Naveen M,11,1,2.0,13016243.0,20349798.0
Nandor Han,11,1,1.0,1314892.0,1314892.0
Moshe Lazer,11,1,1.0,5262374.0,5262374.0
Michael Tokarev,11,1,4.0,146553863.0,399382163.0
Michael Dalton,11,1,1.0,3253922.0,3253922.0
Max Krasnyansky,11,1,9.0,11482349.0,369422209.0
Matt Brown,11,4,6.666666666666667,24325844.333333332,55247019.0
Mark Asselstine,11,1,1.0,70693539.0,70693539.0
Marc Titinger,11,2,4.0,22625074.5,81097751.0
Manoj Naik,11,1,4.666666666666667,85669272.0,360054653.0
Manfred Rudigier,11,2,5.0,81964084.0,250849981.66666666
Luwei Kang,11,2,2.0,28868870.0,28868870.0
Lukasz Pawelczyk,11,2,2.0,172181761.0,172181761.0
Lennart Poettering,11,1,1.5,65033425.75,122174911.75
Lazar Alexei,11,1,1.0,2571466.875,2571466.875
Lakshmi Ramasubramanian,11,3,3.866666666666667,5737985.2,7978042.0
Jules Maselbas,11,2,2.0,6873705.0,6873705.0
Jonathan Kim,14,2,2.916666666666667,3664338.5833333335,5525643.0
Johan Korsnes,11,4,4.666666666666667,7483410.0,8002942.0
Jim Baxter,11,1,1.0,36834899.0,36834899.0
Jerry Chu,11,2,2.9,66515080.2,115629551.3
Ihar Hrachyshka,11,2,2.0,42440753.0,42440753.0
Hridya Valsaraju,11,1,1.0,3012305.0,3012305.0
Hong Xu,11,1,1.0,1093690.0,1093690.0
Hiraku Toyooka,11,1,1.3333333333333333,127746449.66666667,175008915.0
Duson Lin,11,1,1.0,14413747.0,14413747.0
Dragan Cvetic,11,3,3.0,9864066.0,9864066.0
Dongpo Li,11,3,4.25,64956673.0,103348644.0
David Riley,11,1,1.0,158261809.0,158261809.0
Courtney Cavin,11,2,2.0,5442511.0,5442511.0
CK Hu,10,2,4.0,37197174.5,122649138.0
chunhui dai,11,1,1.0,16254675.0,16254675.0
Chin-Yen Lee,11,1,1.0,3963823.0,3963823.0
Charles-Antoine Couret,11,3,3.5,84849480.5,102906012.0
Chao Fan,11,3,3.0,37143065.0,37143065.0
Brandon Streiff,11,3,5.0,29502890.333333332,59939229.0
Bitan Biswas,11,1,1.0,8221890.0,8221890.0
Bill Kuzeja,11,1,1.1666666666666667,1373142.0,1589670.0
Bich HEMON,11,2,2.0,30861237.0,30861237.0
Ashish Samant,11,1,1.0,910566.0,910566.0
Anton Arapov,11,1,2.0,160962297.0,167046477.0
Alex Sierra,18,1,1.0,2489303.0,2489303.0
Alexei Potashnik,11,1,1.0,2904613.0,2904613.0
Adrien Schildknecht,11,1,1.0,814757.0,814757.0
Zheng Yan,12,1,2.0,50164037.0,219918830.0
Yuan Kang,12,1,8.0,42270131.0,224165962.0
Yossi Kuperman,12,1,1.0,3530851.0,3530851.0
Wojciech Dubowik,12,1,1.0,533029.0,533029.0
Vivek Kasireddy,16,2,2.0,773815.0,773815.0
Vinayak Kale,12,1,1.0,71793876.0,71793876.0
Tony Wu,12,1,3.0,110160154.0,110160158.0
Stanislav Nijnikov,12,1,2.0,1.0,28423042.0
Sriram R,18,3,3.0,35454204.0,35454204.0
Sarangdhar Joshi,12,1,1.7142857142857142,44246025.28571428,52236254.0
Ramesh Babu,10,3,3.571428571428571,10216672.57142857,15421798.0
Pei Zhang,12,1,1.0,856372.0,856372.0
Paul Chaignon,12,1,1.0,2864982.0,2864982.0
Patrick Ohly,12,1,1.0,325525348.0,325525348.0
Oleksandr Suvorov,19,1,1.0,13329553.0,13329553.0
Olav Haugan,12,1,1.0,7771356.0,7771356.0
Moses Reuben,12,1,2.5,37474075.0,95314511.0
Michael Olbrich,12,1,1.0,93221235.0,93221235.0
Matvejchikov Ilya,12,1,1.0,204382262.0,204382262.0
Matthew Finlay,12,1,1.0,5974943.0,5974943.0
Mathieu Xhonneux,12,1,2.0,23061783.0,35264534.0
Marcel Apfelbaum,12,1,4.333333333333333,66070988.0,150785912.0
KT Liao,12,1,2.0,8232380.0,14150040.0
Krister Johansen,12,3,3.0,200584380.0,200584380.0
Kairui Song,13,2,2.0,9299999.0,9299999.0
Junghak Sung,12,3,4.25,16521824.25,31830263.0
Josef Friedl,12,1,1.0,5512358.0,5512358.0
Jon Maxwell,12,1,1.0,37574887.0,37574887.0
Jintack Lim,12,1,2.5,13278132.0,16657543.0
Jim Lin,12,2,4.0,23265683.0,53266161.0
Hu Ziji,12,1,1.0,12451150.0,12451150.0
Helin Zhang,12,1,5.0,431286.0,23498828.0
Hansjoerg Lipp,12,1,2.0,412426208.0,431911051.0
George Zhang,12,2,8.0,119291332.5,352833278.0
George McCollister,13,1,1.0,12968729.0,12968729.0
Eyal Birger,12,1,1.0,49128043.0,49128043.0
Duane Grigsby,12,2,2.0,6781546.0,6781546.0
Dario Faggioli,12,1,1.5,3841145.0,5880423.0
Chunyu Hu,12,1,1.0,514720.0,514720.0
Chuanhua Han,12,1,1.0,25726414.0,25726414.0
Bruce Wang,12,1,1.0,9323496.0,9323496.0
Bharat Potnuri,12,1,1.0,1818753.0,1818753.0
Ben Whitten,12,1,1.5,28035814.5,38450378.0
Ashish Kumar,13,1,1.0,8448728.0,8448728.0
Ananda Raju,12,1,9.0,12548911.0,347798073.0
Alistair Strachan,12,1,1.0,11509026.0,11509026.0
Adrian Huang,13,2,2.333333333333333,113202614.33333333,142613693.33333334
Aditya Kali,12,1,4.0,1756218.0,14524878.0
Wei-Ning Huang,13,3,3.333333333333333,64628602.333333336,78751300.0
Wei Fang,13,2,2.0,12408925.0,12408925.0
Vladimir Sokolovsky,13,1,2.0,72728221.0,195350629.0
Tung Nguyen,13,2,2.0,37430261.0,37430261.0
Todd Previte,13,1,1.0,703157.0,703157.0
Subbaraya Sundeep,4,1,1.0,30217392.0,30217392.0
Stefan Riedmueller,16,1,1.0,63669073.0,63669073.0
Shunqian Zheng,13,2,2.0,7120327.0,7120327.0
Sathyanarayana Nujella,15,1,1.1666666666666667,10165487.333333334,10167114.0
Sam bobroff,13,3,4.666666666666667,84972398.83333334,130289188.0
Ryan Ding,13,1,1.3333333333333333,17652831.0,17652831.666666668
Rahul Verma,13,1,1.0,619504.0,619504.0
Radu Rendec,13,1,1.0,8276650.0,8276650.0
Qing Xu,13,1,2.0,14688102.0,151182300.0
Qiang Yu,34,1,1.0,2636164.0,2636164.0
Minghsiu Tsai,13,1,1.0,3208140.0,3208140.0
Maxim Shchetynin,13,1,7.5,87455496.33333333,374596816.0
Matthias Fuchs,13,2,2.0,534199229.0,534199229.0
Martin Leung,19,1,1.0,2058348.0,2058348.0
Mark Jackson,13,1,2.0,57499252.0,76164308.0
Li Wang,13,1,3.0,12487754.0,90849533.0
Liang Li,13,1,2.0,1082366.5,3776883.0
Lanqing Liu,14,1,1.0,3542610.0,3542610.0
Kevin Laatz,13,7,9.0,7499983.0,21505966.0
Karthikeyan Ramasubramanian,13,3,3.0,22678847.0,22678847.0
Ka-Cheong Poon,16,6,6.0,6349111.0,6349111.0
Josef Gajdusek,13,1,1.0,4537662.0,4537662.0
Jon Tollefson,13,1,2.0,54306513.0,259609290.0
Jonathan Richardson,13,1,1.0,19077227.0,19077227.0
Johnny Kim,13,2,3.0,12254104.0,13850135.0
JC Kuo,16,1,1.0,25414703.0,25414703.0
Jason Ekstrand,13,2,2.0,7237612.0,7237612.0
Honggang Li,13,1,1.0,3486518.0,3486518.0
Hongchao Zhang,13,1,2.0,2852287.0,48568323.0
Guy Shapiro,13,2,2.75,83826385.5,106757775.5
Guy Martin,13,1,2.0,67147868.0,96268909.0
Gurchetan Singh,27,1,1.0,1286761.0,1286761.0
Gianluca Borello,13,1,8.916666666666666,39481244.0,78916666.66666667
Garlic Tseng,13,3,3.0,56250076.0,56250076.0
Evgeny Plehov,13,1,2.0,15633837.0,29037398.0
Constantine Shulyupin,13,1,1.0,11393453.0,11393453.0
Christophe Lucas,13,1,2.0,24902465.0,273299567.0
Chris Bainbridge,13,1,1.0,32526308.0,32526308.0
Bryan Tan,13,1,1.0,3794468.0,3794468.0
Ayman Bagabas,13,2,2.75,8910625.25,16245252.0
Andreas Schultz,13,1,1.0,73003074.0,73003074.0
Alexandre Mergnat,13,1,1.0,5934902.0,5934902.0
Alaa Hleihel,14,1,2.0,4442035.5,12227399.0
Akshay Adiga,13,3,3.0,6003099.0,6003099.0
Abdiel Janulgue,14,1,1.0,2361804.0,2361804.0
Zhan Liu,17,1,1.0,1041515.0,1041515.0
Yifeng Li,14,1,1.0,84431.0,84431.0
willy tarreau,14,2,7.0,45942755.0,142371120.0
Wei Chen,14,1,1.0,69509416.0,69509416.0
Volodymyr Babchuk,14,2,2.0,38794802.0,38794802.0
Vladislav Yasevich,14,1,3.4,127260175.2,240084151.2
Vincent Legoll,14,1,1.0,1292847.0,1292847.0
Tzu-En Huang,18,4,4.0,4994778.0,4994778.0
Tomoki Sekiyama,14,1,3.0,61499370.0,245159766.0
Tatyana Brokhman,14,1,3.0,96067673.0,185078193.0
Sumit Garg,18,5,5.0,15004242.0,15004242.0
Srikanth Jampala,14,2,2.0,2403269.0,2403269.0
S.j. Wang,14,1,1.0,1113904.0,1113904.0
Simon Que,14,1,1.0,539298.0,539298.0
Sha Zhengju,14,1,2.0,4142548.0,4309386.0
Shawn Nematbakhsh,14,1,1.25,14954068.25,20486863.0
Shamir Rabinovitch,14,6,7.0,12222043.0,38926601.0
Rob Gardner,14,1,1.0,4512616.0,4512616.0
Richard Gong,22,2,2.0,2447114.0,2447114.0
Razmik Karapetyan,14,3,7.0,18301098.333333336,45923302.0
Randy Li,14,1,2.0,-8332209.0,27695824.0
Piotr Sawicki,14,1,1.0,14634749.0,14634749.0
Paul Clements,14,1,4.0,79371817.0,218410667.0
Nathan Zimmer,14,1,1.5,65616675.0,95125264.0
Misono Tomohiro,15,1,1.0,1883781.0,1883781.0
Marco Elver,85,1,1.0,8183892.0,8183892.0
Kazunori MIYAZAWA,14,2,2.5,560303287.5,657106347.0
Kai Huang,14,1,1.0,46177176.0,46177176.0
KaiChieh Chuang,14,1,1.0,497537.0,497537.0
Jon Bloomfield,14,3,3.6,113234154.8,124095563.6
Jiufei Xue,15,1,1.0,9867414.0,9867414.0
Jim Quinlan,18,2,2.888888888888889,57146389.55555555,88464944.0
Jesse Larrew,14,1,4.0,140376384.0,170678678.0
James Ban,14,4,5.0,212329869.0,338816810.0
Hsin-Yi Wang,23,2,2.0,5313358.0,5313358.0
Gen Zhang,14,1,1.0,1099547.0,1099547.0
Fabien Lahoudere,14,1,1.0,9794667.0,9794667.0
Enrico Mioso,14,3,4.0,107163011.0,122575993.0
Eli Cooper,14,2,2.7142857142857144,42663618.14285714,69328378.85714287
Dragos Tarcatu,14,1,1.0,3781694.0,3781694.0
Dongdong Liu,14,1,1.0,28299085.0,28299085.0
Dhaval Shah,14,1,1.0,2162542.0,2162542.0
Darren Trapp,14,4,6.0,36090970.0,52503102.0
Chris Mi,15,4,5.0,11661715.0,17628114.0
chenhui zhao,14,3,4.0,122973002.0,134387906.0
Carl Heymann,14,3,3.0,5062293.0,5062293.0
Bradley Grove,14,1,1.0,194471259.0,194471259.0
Bojan Prtvar,14,1,2.0,11530782.5,44224032.0
Bin Gao,14,2,2.0,42307129.0,42307129.0
Aviya Erenfeld,14,2,4.5,16514942.0,62534892.0
Artur Rojek,14,2,2.0,31323237.0,31323237.0
Ariel Nahum,14,1,1.0,3631272.0,3631272.0
Andrey Gusakov,14,1,1.0,2166491.0,2166491.0
Adit Ranadive,14,1,1.0,9400217.0,9400217.0
Adam Manzanares,14,1,2.0,1123658.0,15454283.0
Zhiwu Song,15,2,3.0,17360614.0,18468851.0
Yevgeny Kliteynik,15,2,2.833333333333333,-3268326.1666666665,9614036.5
Yasunari Takiguchi,15,1,1.0,4677781.0,4677781.0
yalin wang,15,3,3.0,64264645.0,64264645.0
Webb Scales,15,1,1.3333333333333333,2419720.6666666665,3629572.0
Vitor Soares,15,1,1.0,5016308.0,5016308.0
Vishnu Patekar,15,1,1.0,100977962.0,100977962.0
Viorel Suman,15,2,2.0,39427564.75,39427564.75
Victoria Milhoan,15,1,1.0,6387760.0,6387760.0
Tomasz Majchrzak,15,2,2.0,35063734.0,35063734.0
Stuart Hayes,19,1,2.0,2.0,516384.0
Srinivas Eeda,15,1,1.4,166911828.2,255752720.0
Sherry Yang,15,2,2.5,67574976.0,67923558.0
Shani Michaeli,15,2,2.0,13910742.0,13910742.0
Sandy Huang,15,2,2.0,2112358.0,2112358.0
Robert Dolca,15,2,2.5,62918038.5,76190272.0
Rijo Thomas,15,1,1.0833333333333333,1054310.6666666667,1150157.0
Ricard Wanderlof,15,1,1.0,116112658.0,116112658.0
Rakesh Ughreja,15,1,1.0,30630464.0,30630464.0
Rainer Weikusat,15,6,10.9,253138038.7,744440861.0
Pi-Hsun Shih,17,1,1.0,12163303.8,12163303.8
Parag Warudkar,15,1,4.5,5597252.0,315957201.0
Nizam Haider,15,1,1.0,2001523.0,2001523.0
Matthew Whitehead,15,1,1.0,38318.0,38318.0
Mateusz Krawczuk,15,1,2.0,117352097.0,146285075.0
Mariusz Bialonczyk,15,1,1.0,681032.0,681032.0
Maharaja Kennadyrajan,22,1,1.0,1252322.0,1252322.0
Li Wei,15,1,1.0,7673652.0,7673652.0
Lei YU,15,1,1.0,41754597.0,41754597.0
Joy Latten,15,1,3.4,218051627.8,344263455.8
Jonas Rabenstein,15,1,2.0,7843443.0,11597779.0
Joao Martins,15,1,1.5,9928030.0,21507796.0
Jinbum Park,15,1,1.0,6786730.0,6786730.0
Inbar Karmy,15,1,1.0,66442351.0,66442351.0
Hyunchul Lee,15,1,3.0,33697064.0,47715039.0
Han Xu,15,1,1.0,1106154.0,1106154.0
Hang Yuan,15,2,2.0,23766263.0,23766263.0
Emmanuel Vadot,20,1,1.0,30784485.0,30784485.0
Drew Davenport,19,1,2.0,6135468.25,6135473.0
David Gstir,15,3,4.8076923076923075,20367377.076923076,25833323.692307692
Christopher Covington,15,2,2.0,2353981.0,2353981.0
Chris Lew,16,1,1.0,5872853.0,5872853.0
Cameron Gutman,15,1,1.0,12323356.0,12323356.0
Amit Nischal,15,3,3.0,18102399.0,18102399.0
Ambresh K,15,1,1.0,47362788.0,47362788.0
Alexey Skidanov,15,1,2.0,42370136.0,81126150.0
Alexander Wetzel,15,2,2.0,26117435.0,26117435.0
Zhouyi Zhou,17,1,1.0,52535191.0,52535191.0
Xiaolin Zhang,16,2,2.0,29167943.0,29167943.0
Woojung Huh,16,1,3.0,46496149.0,84828285.0
Tony Zelenoff,16,1,2.0,63506500.0,121304750.0
Tomas Bortoli,16,1,1.0,9057547.0,9057547.0
Talat Batheesh,16,2,2.0,32730996.0,32730996.0
Surabhi Vishnoi,16,1,1.0,3617397.0,3617397.0
Stefan Schake,16,1,1.0,4287637.0,4287637.0
Sharat Masetty,18,2,2.0,33984248.0,33984248.0
Shailabh Nagar,16,1,2.5,3.0,308910506.0
Sergey Lapin,16,1,1.0,338748385.0,338748385.0
Scot Doyle,16,1,1.0,36887060.0,36887060.0
Sanyog Kale,16,2,2.0,14596190.0,14596190.0
Salvatore Benedetto,16,3,3.666666666666667,78171678.66666666,85490154.0
Ran Wang,17,1,1.0,13146691.0,13146691.0
Rajmohan Mani,16,1,1.6666666666666667,17162507.0,46791664.0
Pawel Laszczak,17,2,2.0,11857279.0,11857279.0
Pavel Rojtberg,16,1,3.0,9488959.0,18930655.0
Patrick Havelange,16,2,2.0,11987101.0,11987101.0
Niranjana Vishwanathapura,16,1,1.0,841069.0,841069.0
Neeraj Upadhyay,16,3,4.0,24735758.0,25070348.0
Michael Thalmeier,16,1,1.0,69462475.0,69462475.0
Michael Hernandez,18,4,4.25,35675150.5,37080008.0
Masaharu Hayakawa,16,2,2.0,29703614.0,29703614.0
Lior Amsalem,16,2,4.25,93417466.5,224582625.0
Kamenee Arumugam,16,2,2.2,1651700.4,1822500.0
Jussi Laako,16,1,1.0,12580976.0,12580976.0
Jurgen Kramer,16,1,1.0,1578777.0,1578777.0
Johan Rudholm,16,2,3.0,205883272.0,216108183.0
Horia Geant?,16,2,4.0,40303256.1,79934006.0
Hema Prathaban,16,2,3.0,15348311.0,30696622.0
Fabien DESSENNE,16,1,1.0,3021734.0,3021734.0
Dolev Raviv,16,2,5.0,45975881.0,298369503.0
Dmytro Linkin,17,1,1.0,2583986.0,2583986.0
Ding Tianhong,16,1,3.0,19587631.0,25439151.0
david decotigny,16,1,1.3333333333333333,173546987.6,186451475.06666666
David Abdurachmanov,16,1,1.0,6424534.0,6424534.0
Damian Hobson-Garcia,16,1,1.0,114923586.0,114923586.0
Daeho Jeong,18,2,2.0,83728277.0,83728277.0
Clark Wang,16,1,2.5,1397627.0,23614970.0
Chiranjeevi Rapolu,16,1,1.0,999918.0,999918.0
Chen Yucong,16,1,2.0,563042.0,13786139.0
Bin Meng,20,1,1.6666666666666667,6353732.0,10589552.0
Benjamin Berg,16,2,2.0,18347838.0,18347838.0
Arto Merilainen,16,2,5.0,35392892.0,68764899.0
Andy King,16,1,1.4444444444444444,133228748.1111111,173418126.0
Aaron Tomlin,16,1,2.0,40376917.0,50575454.0
Zhengyuan Liu,17,1,1.0,1264399.0,1264399.0
Yoshihiro YUNOMAE,17,1,2.0,103817264.0,103817265.0
Yinbo Zhu,17,4,6.625,61642135.875,104981451.25
Yannick Fertre,22,1,1.0,307073.0,307073.0
Xue Chaojing,17,2,2.0,386667.0,386667.0
Ulrich Weber,17,1,3.0,54473860.0,122920128.2
Tianyu Lan,23,1,1.0,7262569.0,7262569.0
Sugaya Taichi,17,4,4.0,6981193.0,6981193.0
Srikanth Thokala,17,3,4.0,142342784.0,144911821.0
Simon Glass,17,1,3.0,50963380.0,132692725.0
Sergej Sawazki,17,4,7.0,9852598.0,26079996.0
Qipeng Zha,17,1,1.0,93482041.0,93482041.0
Peter Staubach,17,1,2.25,128239063.25,329712781.0
Pascal PAILLET-LME,17,1,1.0,27300.0,27300.0
Pankaj Gupta,17,1,1.0,2151223.0,2151223.0
Pankaj Bansal,17,3,3.0,26932514.0,26932514.0
Michal Sojka,17,1,1.0,73787080.0,73787080.0
Michael Lyle,17,1,1.0,237549.0,237549.0
Michael Bringmann,17,7,8.0,175777456.0,183058204.0
Michael Braun,18,1,1.0,96271756.0,96271756.0
Mesih Kilinc,17,1,1.0,8780241.0,8780241.0
Masaki Ota,17,4,9.0,40690669.0,149552526.0
Manish chopra,17,1,1.0,174793015.0,174793015.0
Lucas Bates,17,3,4.981132075471698,25720229.320754718,28596102.0
Linu Cherian,18,2,2.0,817394.0,817394.0
Lee Nipper,17,1,8.0,105603848.0,308617456.0
Laurentiu Palcu,17,2,5.0,71110388.0,157155034.0
Ken-ichirou MATSUZAWA,17,1,1.0,3924166.0,3924166.0
Jungseung Lee,23,1,2.0,25452565.0,29479592.0
Jitao Shi,32,1,1.0,7354451.0,7354451.0
Hemant Pedanekar,17,1,3.0,28082648.0,132760534.0
Gwan-gyeong Mun,35,1,2.0,-5461338.0,2243553.0
Gustavo Romero,18,2,2.6,10147117.4,15567695.0
Eyal Perry,17,1,1.0,24830256.0,24830256.0
Darren Stevens,17,1,1.0,5436812.0,5436812.0
Danit Goldberg,18,2,2.0,8470565.0,8470565.0
Cristian Birsan,21,2,2.0,50365131.0,50365131.0
Bob Paauwe,17,3,8.5,67545630.0,81778898.0
Avinash Dayanand,19,1,1.0,1997986.0,1997986.0
Aurelien Jacquiot,17,1,1.0,107980412.0,107980412.0
Alex Thorlton,17,2,3.9285714285714284,114840016.71428572,184642929.0
Alan Kao,17,1,1.5,16150288.0,32300574.0
Adam Baker,17,1,2.0,52905020.0,62333743.0
Yu Zhang,18,2,3.0,42450129.0,79673214.0
Yufeng Mo,30,1,1.0,6696563.0,6696563.0
Yanir Lubetkin,18,1,2.0,58209678.0,92683370.0
Wright Feng,24,1,1.0,18007377.0,18007377.0
Weiyi Lu,19,1,1.0,9944209.0,9944209.0
Wang Xiaoguang,18,1,3.5,20272337.5,84139471.0
Tej Parkash,18,1,1.0,239303468.0,239303468.0
Sukumar Ghorai,19,1,1.0,63314233.0,63314233.0
Shunli Wang,18,7,7.0,60144153.0,60144153.0
Rob Rice,18,1,1.0,12064115.0,12064115.0
Robert Foss,24,2,3.2,50993212.6,117588408.0
Philipp Hachtmann,18,2,2.0,117186593.0,117186593.0
Philippe Bergheaud,18,3,4.0,40919982.0,91805329.0
Nikos Tsironis,22,2,2.4444444444444446,33449504.888888888,34453192.777777776
Nathan Sullivan,18,2,2.0,80500246.0,80500246.0
Mattias Jacobsson,18,1,1.0,4584616.0,4584616.0
Matthias Maennich,18,2,2.0,3010003.0,3010003.0
Kyle Huey,18,3,4.333333333333334,4648776.333333333,9539187.0
Jorge Sanjuan,18,1,1.0,144139.0,144139.0
Jonathan Marek,32,1,1.0,1889361.0,1889361.0
Jonathan Lemon,18,3,3.0,15367717.0,15367717.0
Jenny Derzhavetz,18,1,1.0,87002610.0,87002610.0
Jake Oshins,18,1,1.6666666666666667,47079291.833333336,61219675.333333336
Hoang Le,21,2,2.0,1371155.0,1371155.0
Guojia Liao,25,1,1.0,252363.0,252363.0
Grigor Tovmasyan,18,1,1.0,5610411.0,5610411.0
Gavi Teitz,18,1,1.0,837538.0,837538.0
Florian Zumbiehl,18,1,1.0,17163444.0,17163444.0
Dennis Li,22,1,1.0,1194223.0,1194223.0
Denis Turischev,18,1,2.0,122876579.0,286076217.0
David Gnedt,18,1,1.0,125213214.0,125213214.0
Cristian Marussi,23,2,2.0,3667827.0,3667827.0
Andrej Krutak,18,4,4.5,67883145.0,72840884.0
Alan Maguire,28,3,14.0,802530.0,15295551.0
Abhishek Kulkarni,18,1,4.315789473684211,34525931.0,281547159.2105263
Abhijeet Joglekar,18,1,1.5,287774441.5,338409743.0
Abhijeet Dharmapurikar,18,2,5.0,76310316.66666667,85875339.0
Yuan Yao,19,1,5.0,2081801.0,53573435.0
Yi-Hung Wei,19,6,9.0,61618633.8,73567511.8
Xingyu Chen,19,1,1.0,1574444.0,1574444.0
Vitaly Chikunov,19,1,1.0,12524658.0,12524658.0
Vishal Kulkarni,20,1,1.0,21703480.0,21703480.0
Vincent Donnefort,20,1,2.0,88872201.0,152089397.0
Torsten Duwe,23,4,4.0,51899584.0,51899584.0
Tiwei Bie,20,2,4.0,5962721.0,45747719.0
Timo Teras,19,1,3.125,66673583.75,267913966.25
Suniel Mahesh,19,1,1.3333333333333333,4689529.0,6414721.0
Stephen Suryaputra,18,2,2.0,2075353.0,2075353.0
Sanjay Lal,19,5,13.0,333928196.0,488451986.0
Roger Tseng,19,2,4.0,15883524.0,39990407.0
Roger Shimizu,19,5,5.0,78829705.0,78829705.0
Raju Lakkaraju,19,3,4.35,11136870.05,25923710.0
Radhakrishna Sripada,22,1,2.0,35804763.0,38332796.0
pravin shelar,19,5,8.428571428571429,53641029.71428572,70914790.0
Peter Hung,19,1,1.5,65000824.5,130001647.0
Naftali Goldstein,19,2,3.0,16465761.75,23410623.0
Mukesh Ojha,19,1,1.0,661331.0,661331.0
Megha Dey,19,3,4.0,103278114.5,115380384.0
Masashi Honma,20,3,3.0,46873927.0,46873927.0
Marco Porsch,19,2,2.0,66336010.0,66336010.0
Liu Xiang,20,1,1.5,81321692.0,86834846.0
Leilei Zhao,19,1,1.0,12952611.0,12952611.0
Krish Sadhukhan,20,1,1.0,5379136.0,5379136.0
Klaus Goger,19,2,2.0,44146450.0,44146450.0
Kirill Marinushkin,19,1,1.8181818181818181,32431289.0,53953635.81818182
Kenneth Westfield,19,1,1.0,519578.0,519578.0
Keiji Hayashibara,19,1,1.0,9660442.0,9660442.0
John Rose,19,1,1.5,21.0,177854691.0
Jean-Francois Dagenais,20,1,1.0,4219090.0,4219090.0
Igor Kotrasinski,19,4,4.0,103869244.0,103869244.0
Ian Minett,19,2,5.0,205943288.0,317691577.0
Hou Pengyang,19,1,2.0,85841153.0,86008366.0
Gregory Fong,20,3,6.5,52411600.3,166801207.0
Eric Long,19,2,2.0,94970362.0,94970362.0
Erez Alfasi,19,1,1.0,20566159.0,20566159.0
Enrico Scholz,19,1,1.0,16279142.0,16279142.0
Doug Smythies,19,1,1.0,19676862.0,19676862.0
David Weinehall,19,3,3.75,17238997.25,25189425.5
Curtis Malainey,20,1,1.0,2907845.0,2907845.0
Christopher Bostic,19,2,2.0,6773977.0,6773977.0
Ben Gardner,19,1,1.0,6301574.0,6301574.0
Alex Estrin,19,2,2.333333333333333,59823887.16666667,61529143.5
Alexandru Gagniuc,22,1,1.0,2000314.0,2000314.0
Addy Ke,19,1,1.0,8073157.0,8073157.0
Zhouyang Jia,20,1,1.0,584135.0,584135.0
Yintian Tao,31,1,1.0,8367581.0,8367581.0
Wadim Egorov,20,3,4.0,8714711.0,28070715.0
Venkat Duvvuru,20,3,4.0,40393795.0,55897410.0
Tyler Baicar,20,2,3.0,508709.0,1017417.0
Tom Haynes,20,3,5.964285714285714,99696746.57142857,217631526.0
Timofey Titovets,20,1,1.5,2484638.0,4153140.0
Stephen Neuendorffer,20,1,2.0,87654933.0,204910447.0
Song Hongyan,20,3,3.0,14609025.333333334,14609025.333333334
Sean Cross,20,1,1.0,159086364.0,159086364.0
Saravanan Sekar,27,1,1.0,52114.0,52114.0
Robbie Ko,23,1,1.0,3802826.0,3802826.0
Razvan Stefanescu,22,3,3.0,56449092.0,56449092.0
Raed Salem,31,2,3.0,1025221.0,2679346.0
Qianqian Xie,20,1,1.0,11677736.0,11677736.0
Pratik Patel,20,2,4.928571428571429,28389682.42857143,151575476.0
Prashant Sreedharan,20,1,1.0,2021961.0,2021961.0
Petar Penkov,20,6,7.6,8097481.6,9543957.0
Per Liden,20,1,4.142857142857143,213932995.85714287,339421212.0
Maxime COQUELIN,20,1,2.0,30706882.0,33502577.0
Mark yao,20,1,3.0,45838212.0,60925486.0
Li Xi,20,2,2.0,84757188.0,84757188.0
Lang Cheng,41,3,3.0,4075843.0,4075843.0
Lai Siyao,20,1,2.0,44239467.0,45715996.0
Kusanagi Kouichi,20,1,1.0,8216346.0,8216346.0
John Pittman,20,1,2.0,30427633.0,47716975.0
Joakim Zhang,21,1,1.0,13427433.0,13427433.0
Jia Hongtao,20,1,1.0,204282501.0,204282501.0
Jens Wiklander,25,2,3.0,87883931.0,98792826.0
Jaejoong Kim,20,2,3.0,2081236.0,22357431.0
Jack Pham,21,1,1.0,6393101.0,6393101.0
Huw Davies,20,1,1.0,84085395.0,84085395.0
Hisashi Nakamura,20,3,5.5,140903811.0,202989960.0
Francesco Ruggeri,20,1,1.0,65144836.0,65144836.0
Emese Revfy,20,2,3.75,80282568.5,93976551.0
Claudio Imbrenda,25,4,4.0,112105741.0,112105741.0
Chris Phlipot,20,1,1.0,39917535.0,39917535.0
Cho KyongHo,20,2,5.0,152393306.0,227900894.0
Artur Paszkiewicz,20,2,2.0,15867785.0,15867785.0
Angelo Dureghello,27,1,3.0,28004684.0,31067632.0
Ajay Gupta,20,3,3.0,10264162.0,10264162.0
Abhishek Sagar,20,1,2.3333333333333335,143038255.33333334,344583846.0
Zhang Zhen,21,1,3.0,7378411.0,61604187.0
Vladis Dronov,21,3,3.0,190809057.5,190809057.5
Tony Vroon,21,1,8.0,-947662.5,251736009.0
Tom Talpey,21,1,2.0,186358780.0,198277390.0
Tom Parkin,21,4,8.166666666666666,386706384.8333333,517288832.0
Tiberiu Breana,21,4,4.0,31281689.0,31281689.0
Su Yue,22,1,1.0,3663419.0,3663419.0
Stewart Smith,21,1,1.8333333333333333,28040935.916666668,34441312.083333336
Steve Muckle,22,1,1.6,13592019.2,20002074.0
Shenghui Wang,21,2,2.0,29652957.0,29652957.0
Shay Agroskin,21,2,2.0,7801736.0,7801736.0
Ryan Hsu,21,2,2.0,5054325.0,5054325.0
Quentin Casasnovas,21,2,2.0,464365.0,464365.0
PrasannaKumar Muralidharan,25,3,3.0,5209793.0,5209793.0
Paul Greenwalt,27,1,1.0,6592401.0,6592401.0
Nikhil Devshatwar,21,1,1.0,598092.0,598092.0
Nick Crews,21,2,2.0,18710251.0,18710251.0
Marek Puzyniak,21,2,4.6,8774964.4,167053376.8
Liu Gang,21,1,1.0,8467199.0,8467199.0
Junichi Nomura,21,1,1.0,2375476.0,2375476.0
Jiancheng Xue,21,2,2.0,122177624.0,122177624.0
Hongtao Jia,21,1,1.0,8232189.0,8232189.0
Golan Ben-Ami,21,3,3.0,53635862.0,53635862.0
Elina Pasheva,21,2,5.1,106612916.5,279075345.8
Donggeun Kim,21,3,4.210526315789474,361626166.78947365,397198534.8947368
Dharageswari R,21,1,1.0,1815911.0,1815911.0
Deepak M,21,2,3.0,73120230.0,75624353.0
David Rivshin,21,2,4.0,22925549.0,22925551.0
Bhuvanchandra DV,21,1,1.0,4432817.0,4432817.0
Benjamin Block,29,3,3.5,16976409.5,22028908.5
Aviad Yehezkel,21,3,3.333333333333333,14559309.333333334,23683961.0
Aaron Lewis,21,1,2.25,2898524.75,4134054.0
WingMan Kwok,22,1,1.6666666666666667,5044599.666666667,8764254.0
Vincent Palatin,22,1,2.0,41149249.0,57702546.0
Vedang Patel,22,2,2.25,2563010.0,3014585.0
Suresh Warrier,22,1,1.0,3336889.0,3336889.0
Stuart Summers,22,2,2.4,11664527.0,15551731.2
Simon Farnsworth,22,1,1.0,23950493.0,23950493.0
Sargun Dhillon,22,2,3.5,53070282.0,115744256.0
Oza Pawandeep,22,2,3.0,32449620.0,38481349.0
Nikolaus Voss,22,2,3.0,234251296.0,247245502.0
Nagarjuna Kristam,38,1,1.0,5110803.0,5110803.0
Mitchel Humpherys,22,1,1.0,4765077.0,4765077.0
Martin Hicks,22,1,1.0,64713334.0,64713334.0
Manikanta Pubbisetty,27,6,7.0,96620629.0,105747651.0
Lionel Debieve,23,1,1.0,11169257.0,11169257.0
Li Bin,24,1,1.0,43180490.0,43180490.0
Koro Chen,22,1,1.0,6160482.0,6160482.0
Kaixu Xia,35,1,1.0,546877.0,546877.0
Justin Chen,23,3,3.0,11275617.0,11275617.0
Jimmy Assarsson,27,2,2.0,87808437.0,87808437.0
Jianxin Xiong,22,3,6.666666666666667,42143029.33333333,184080609.0
Jackie Liu,22,1,2.0,34145.0,740833.0
Harshitha Ramamurthy,22,1,2.0,2309545.0,1990410.0
Ganapatrao Kulkarni,22,4,4.666666666666666,53198482.666666664,55201844.0
Florian Echtler,22,1,1.0,105756116.0,105756116.0
Eric Nelson,22,1,1.0,2321530.0,2321530.0
Diana Craciun,22,1,1.0,6581743.0,6581743.0
Denis Ciocca,22,3,8.0,159692908.0,278321986.0
Chenbo Feng,22,6,6.714285714285714,9536481.142857142,9782851.0
Carlos Santa,22,2,3.0,21145969.0,37305323.0
Bryan Whitehead,22,4,4.0,25338768.0,25338768.0
Bogdan Purcareata,22,1,1.0,3472030.0,3472030.0
Bard liao,22,1,1.0,2397038.0,2397038.0
Artem Savkov,22,1,1.0,43698.0,43698.0
Annaliese McDermond,22,1,1.0,1100286.0,1100286.0
anish kumar,22,2,2.75,118887123.0,166778550.75
Andrew Vagin,22,3,7.5,276618944.0,394234829.0
Adam Lee,22,1,1.0,24143258.0,24143258.0
York Sun,23,1,2.0,10783008.5,37796680.5
Vincent Pelletier,23,1,1.0,20532586.0,20532586.0
Vadim Lomovtsev,23,5,6.333333333333334,80940298.66666667,84652722.0
Tony Krowiak,23,1,1.4285714285714286,6896826.857142857,12069446.0
Sundar Iyer,23,1,1.0,259566976.0,259566976.0
Roman Volkov,23,1,2.0,2282794.5,4565587.0
Roman Byshko,23,1,1.0,3255329.0,3255329.0
Rohit Vaswani,23,1,1.0,12906073.0,12906073.0
Reza Arbab,23,2,2.25,14240725.5,18172755.0
Qiao Zhou,23,2,2.75,328914620.25,336104401.0
Peng Ma,26,2,2.0,40613692.0,40613692.0
Mike Manning,23,4,4.0,22157900.0,22157900.0
Meghana Madhyastha,23,1,1.0,3013479.0,3013479.0
Matt Evans,23,1,2.0,80236274.0,158566643.0
Joshua Kinard,26,3,3.5,36173747.5,47914414.0
Jim Qu,23,1,1.0,24280211.0,24280211.0
Ioannis Valasakis,23,1,1.0,166602.0,166602.0
Hoegeun Kwon,23,1,1.0,3687402.0,3687402.0
Eddie Huang,23,1,1.0,-17258444.0,-17258444.0
Daniel Walter,23,1,3.0,178228538.5,221717906.0
Craig Shelley,23,1,6.0,119645633.0,345250016.0
Chen Feng,23,3,4.0,95851133.0,126423325.0
Calvin Owens,23,1,1.0,14478263.0,14478263.0
Arturo Borrero,21,3,6.5,203125382.5,298560835.0
Aaron Ma,25,1,1.0,14305449.0,14305449.0
Zhiyong Tao,24,1,1.0,1019635.0,1019635.0
Zaibo Xu,24,2,2.0,2462621.0,2462621.0
Yongqiang Niu,24,1,1.0,15031367.0,15031367.0
Wei Huang,24,4,4.0,90596246.0,90596246.0
Srinath Mannam,24,4,5.0,26451522.0,42575119.0
Slawomir Stepien,24,1,1.0,1799004.0,1799004.0
Shreyas NC,28,1,1.0,67602713.0,67602713.0
Scott Bauer,24,2,2.2,1049255.2,1242684.0
Satheeshakrishna M,24,1,2.0,23423186.0,38537663.0
Rohit kumar,24,3,3.0,19023514.0,19023514.0
Mircea Caprioru,25,2,3.0,3746530.0,5604758.0
Mike Leach,45,1,1.0,41624741.0,41624741.0
Levente Kurusa,24,2,2.0,178209119.66666666,178209119.66666666
Kirti Wankhede,34,4,4.5,83292525.0,83857958.0
Jouni Hogander,24,3,3.0,2308917.0,2308917.0
Hoan Tran,24,1,1.0,3947326.0,3947326.0
Haozhong Zhang,24,1,3.0,77295181.0,107887440.0
Guy Levi,24,7,7.5,63791686.5,66556815.0
Farhan Ali,29,2,2.0,3279132.0,3279132.0
Eddie Dong,24,1,3.0,14082119.0,392383614.0
Ed Blake,24,1,1.0,9955322.0,9955322.0
Benjamin Li,24,1,2.0,129797990.0,397703879.0
Arun Parameswaran,24,2,2.0,42603184.0,42603184.0
Arron Wang,24,2,4.0,1161025.0,228596891.0
Andreas Faerber,24,1,1.0,15124984.0,15124984.0
Andrea Adami,24,1,1.0,73463078.0,73463078.0
Alex Nixon,24,1,2.0,19272733.0,332534947.0
Alex Ng,24,2,2.0,44357372.0,44357372.0
Ahmad Masri,24,1,1.0,540186.0,540186.0
Zhaoyang Liu,25,2,3.0,21957691.0,54120817.0
yangbo lu,25,1,1.0,4116541.0,4116541.0
Xiaolei Li,25,2,3.5,22526244.0,61882858.0
Will Drewry,25,1,2.0,32860711.0,212262091.0
Vincent Bernat,26,3,3.333333333333333,15543879.0,19724577.0
Vijay Khemka,27,1,1.0,16353013.0,16353013.0
Samuel Mendoza-Jonas,25,4,4.0,4308081.0,4308081.0
Robert Nelson,25,1,1.0,37594270.0,37594270.0
olivier moysan,25,3,3.9523809523809526,147605695.85714287,165343842.9047619
Max Kellermann,25,3,4.333333333333334,43055879.333333336,119531345.0
Marcin Niestroj,25,2,2.0,36192897.0,36192897.0
Liang Chen,25,2,3.0,56033771.0,68195598.0
Igal Liberman,25,4,4.5,90060959.0,97015676.0
Greg Hackmann,25,3,5.0,33971173.0,115010362.0
fred gao,25,4,6.333333333333334,27889032.5,56498492.0
Denis CIOCCA,25,4,13.3,244661014.23333335,457218099.0
Daniel Jordan,36,1,1.0,679806.0,679806.0
Christophe Lombard,25,5,6.0588235294117645,80827289.23529412,97398884.0
Chandra Konduru,25,4,17.5,57459297.0,161439915.0
Balakrishna Godavarthi,26,3,3.857142857142857,19542126.42857143,23053599.0
Ashish Jangam,25,1,1.0,199434723.0,199434723.0
Andrew Price,25,1,1.0,16509958.0,16509958.0
Al Stone,25,3,3.0,73327146.0,73327146.0
Alexey Kuznetsov,25,1,4.111111111111111,128901354.83333333,265323888.2222222
Aleksander Morgado,25,1,2.0,40735554.0,48784769.0
zhangyi (F),27,1,2.0,31716916.0,31716917.0
Vahram Aharonyan,26,1,1.0,71656373.0,71656373.0
Upinder Malhi,24,2,2.0,125096217.0,125096217.0
Tal Gilboa,27,7,12.0,119805072.5,144225668.0
Suman Tripathi,26,1,1.0,348480.0,348480.0
Simon Kagstrom,26,1,6.0,51609789.0,254669813.0
Shlomo Pongratz,26,4,8.0,358928398.0,615029627.0
Scott Teel,26,1,1.0,647482.0,647482.0
Naresh Gottumukkala,26,1,4.0,1650907.0,124071817.0
Muralidharan Karicheri,26,3,7.0,292871026.5,761013486.0
Mordechay Goodstein,43,2,2.0,16514899.0,16514899.0
Lorenz Bauer,43,1,1.6666666666666667,11753282.333333334,25442975.0
Jonas Jensen,26,2,2.0,153369688.0,153369688.0
Jia He,28,1,1.0,22048677.0,22048677.0
Jason Liu,26,1,2.0,16991964.0,17492910.0
Ivan Mikhaylov,28,1,1.0,10946485.0,10946485.0
Giovanni Cabiddu,26,1,1.0,2873081.0,2873081.0
Frank Haverkamp,26,1,1.0,150238641.0,150238641.0
Florent Fourcot,26,3,8.0,33667970.5,371349167.0
Enrico Weigelt,26,1,1.0,11738662.0,11738662.0
Durgadoss R,26,1,1.0,1178444.0,1178444.0
David Windsor,26,1,1.0,36176540.0,36176540.0
Bernard Metzler,27,11,13.346604215456676,24567008.725995317,35144382.0
Beniamin Bia,27,1,1.0,12611226.0,12611226.0
Aviad Krawczyk,26,3,3.0,24203400.0,24203400.0
Ashwin Chaugule,26,4,4.0,65760127.0,65760127.0
Arindam Nath,41,1,2.0,132991441.0,274503929.0
Animesh Manna,33,2,3.0,166398.0,6734944.0
Andrew Gabbasov,26,2,4.666666666666666,104213299.33333333,165112211.0
Adrian-Ken Rueegsegger,26,1,1.0,344696109.0,344696109.0
Vignesh Raghavendra,43,3,3.0,17468200.0,17468200.0
Shreyas Bhatewara,27,1,4.666666666666667,57937158.0,86490650.0
Sarveshwar Bandi,27,1,4.333333333333333,41394111.0,297069246.0
Rajiv Andrade,27,1,7.0,151902418.0,264356059.0
Michael Kelley,30,1,1.0,24035911.0,24035911.0
Liam Breck,27,1,2.0,44542876.0,56055518.0
Leif Lindholm,27,3,4.0,9509665.0,37607009.0
Kiran Gunda,30,2,2.0,10041178.0,10041178.0
Jean-Jacques Hiblot,27,1,2.0,1.0,3009830.0
Jan Sokolowski,27,2,2.2,14202753.8,14202754.0
Janakarajan Natarajan,28,3,3.2,93467337.2,98667296.0
Jacob Chen,27,2,2.0,1567493.0,1567493.0
Harsha Sharma,27,2,2.0,25668361.0,25668361.0
Harish Zunjarrao,27,1,1.0,301632042.0,301632042.0
Haibo Chen,45,2,2.75,69397453.5,75751979.0
Biao Huang,28,2,2.0,21263603.0,21263603.0
Aviv Heller,27,4,4.666666666666667,140114626.6666667,154718948.0
Adriana Reus,27,1,1.0,22443505.0,22443505.0
abdoulaye berthe,28,1,1.0,47611970.0,47611970.0
Aaron Conole,27,4,4.333333333333333,72304019.66666667,76909897.33333333
Wang Dongsheng,28,2,2.0,28378831.75,28378831.75
Vikram Pandita,28,1,4.4,184616982.2,328038160.0
Varadarajan Narayanan,28,2,2.0,2284853.0,2284853.0
Tristram Ha,28,1,1.0,29677600.0,29677600.0
Rongjun Ying,28,1,1.0,128369009.0,128369009.0
Ramakrishna Pallala,28,2,3.0,36693485.0,123454692.0
Philip Avinash,28,1,2.7777777777777777,36107043.11111111,75314220.22222222
Omer Shpigelman,47,2,2.0,7172210.0,7172210.0
Ming Lin,28,1,1.0,23731887.0,23731887.0
Minas Harutyunyan,29,1,1.0,7084540.0,7084540.0
Maciej Fijalkowski,28,4,7.0,37320824.0,45302110.0
KOVACS Krisztian,28,1,4.5,33571391.0,390406890.0
Kevin Liu,28,1,1.3333333333333333,42177989.0,58407262.0
Kelsey Skunberg,29,1,1.0,209618.0,209618.0
Julius Werner,29,1,1.0,10007865.0,10007865.0
Juerg Haefliger,28,1,1.5,204245300.0,382995483.0
Jiri Bohac,28,1,1.0,581831.0,581831.0
Jianbo Liu,30,4,4.25,15804227.5,17771964.0
Jakub Pawlowski,28,1,2.0,8250507.0,135395863.0
Henry Orosco,28,2,3.0,54834174.0,81958358.0
Gabriele Mazzotta,28,1,1.25,158188.0,210917.0
Felix Beck,28,1,2.0,19113423.0,221950389.0
Fan Li,28,1,3.0,3028192.0,45194731.0
Cheng-Yi Chiang,28,2,2.0,2781129.0,2781129.0
Brad Volkin,28,1,2.0,3198473.0,125099332.0
Ben Zhang,28,3,3.0,3074967.0,3074967.0
Andreas Dannenberg,28,1,1.0,133057580.0,133057580.0
Andrea Bittau,28,1,1.0,374063549.0,374063549.0
Alexandru Gheorghe,28,1,1.0,78592.0,78592.0
Steve Dickson,29,1,1.0,38210681.0,38210681.0
Sriharsha Basavapatna,29,1,2.6666666666666665,37224701.0,92470469.33333333
Somya Anand,29,1,3.0,5769686.0,99700431.0
Shiju Jose,29,4,4.5,15913458.25,19905248.25
Salil Mehta,29,12,16.066666666666666,196622059.8,220560778.0
Rakesh Pandit,29,1,1.0,1944054.0,1944054.0
Ping Gao,29,3,4.5,16396877.5,23076212.0
Petr Kulhavy,29,2,2.0,7069011.0,7069011.0
Pan Xinhui,29,2,4.0,26293647.0,84968255.0
Mark Salyzyn,29,1,3.5,66368018.5,122355862.0
Keshava Munegowda,29,2,4.5,20752161.0,212367498.0
John Linn,29,2,5.0,227823675.0,446656988.2
Ilias Apalodimas,32,6,6.809523809523809,34145331.38095238,41566404.0
Harald Geyer,29,1,1.0,19866078.0,19866078.0
Guneshwor Singh,29,1,1.0,94787272.0,94787272.0
Fabio Falzoi,29,1,1.0,438940.0,438940.0
Dmitry Bezrukov,33,2,2.0,564071.0,564071.0
David VomLehn,29,4,7.0,96621517.0,153690834.0
Ben Gamari,29,2,2.0,28358022.0,28358022.0
Vincent Cuissard,30,6,7.583333333333333,216848272.58333334,279828219.0
Vaidyanathan Srinivasan,30,1,3.0,12610204.0,189748658.0
Tim Bird,30,1,1.0,2086909.0,2086909.0
Thomas Huehn,30,2,3.0,1653257.0,28822622.0
Thomas Garnier,30,6,8.333333333333334,47456490.0,74285582.0
Siva Rebbagondla,30,3,4.0,20194469.0,75352681.0
Sergey Ryazanov,36,1,1.0,104783488.0,104783488.0
Sawan Chandak,30,2,3.0,23923686.0,24286294.0
Robert Bragg,30,3,4.0,5791951.0,7768168.0
Raju Rangoju,30,4,4.333333333333333,90029565.0,90201834.0
Rahul Bedarkar,30,1,1.0,10823855.0,10823855.0
Quentin Perret,34,2,2.0,1884933.0,1884933.0
Peter Robinson,30,1,1.0,12123974.0,12123974.0
Kimberly Brown,30,1,1.0,2541119.0,2541119.0
Jonghwa Lee,30,3,6.5,45658082.5,184266403.0
Jon Cooper,30,3,4.6,30578815.4,33523508.0
Jag Raman,30,1,1.0,896946.0,896946.0
Jaewon Kim,34,3,3.0,42045222.0,42045222.0
Hyungwon Hwang,30,1,2.0,21077796.0,91658271.0
Geordan Neukum,31,1,1.0,27853.0,27853.0
Gang He,31,1,1.0,40698697.0,40698697.0
Fu Wei,30,1,1.0,3264087.0,3264087.0
David Jander,30,1,2.0,124308630.0,157673918.0
Codrin Ciubotariu,38,2,2.0,13271059.0,13271059.0
Aruna Balakrishnaiah,30,1,3.5,78326133.0,164427852.0
Antony Pavlov,30,1,2.0,3.0,25164846.0
Abhi Das,30,1,1.0,18986109.0,18986109.0
Yonatan Cohen,31,7,12.666666666666668,42114902.0,68562358.0
Weinan Li,31,1,1.0,3924260.0,3924260.0
Vlad Dogaru,31,2,8.0,161247442.0,436250621.0
Vincent Whitchurch,33,1,1.0,6321244.0,6321244.0
Vijendar Mukunda,48,4,4.0,7393170.0,7393170.0
Shradha Shah,31,2,4.5,55074593.5,112437792.0
Ruslan Bilovol,31,3,3.0,82006469.0,82006469.0
Ramesh Shanmugasundaram,31,2,4.0,75361563.0,165556971.0
Puranjay Mohan,31,1,1.0,668044.0,668044.0
Patrick Bellasi,31,9,12.166666666666666,70514023.83333333,89449176.0
Maninder Singh,37,2,2.0,83707770.0,83707770.0
Kristian Evensen,31,5,5.0,69860647.0,69860647.0
Koji Matsuoka,32,2,2.666666666666667,60750828.666666664,81068027.0
Juliana Rodrigues,31,2,2.0,17876954.0,17876954.0
Josh Hunt,31,1,1.0,2859174.0,2859174.0
Jerry Snitselaar,31,2,2.0,2132875.0,2132875.0
Jeremy Cline,33,2,2.0,39458997.0,39458997.0
Ilya Lesokhin,31,4,7.125,33809779.5,57660687.0
Halil Pasic,31,4,8.333333333333332,87346999.33333334,110714816.0
Guo Chao,31,1,4.0,9842014.0,64193285.0
Gregor Boirie,31,5,6.2,75197233.2,89735221.0
Feng Kan,31,2,3.0,15432335.5,19010185.0
Chander Kashyap,31,2,5.0,60190778.25,160067937.0
Brian Starkey,31,2,2.0,75861928.0,75861928.0
Bernie Thompson,31,1,2.0,108568575.0,226517647.0
A.s. Dong,31,6,9.0,87745482.0,118365312.0
Armen Baloyan,31,2,3.0,230030844.0,263597254.0
Anand Moon,31,1,2.0,1.0,8023422.0
Alexander Kochetkov,31,2,2.0,39476935.0,39476935.0
Zenghui Yu,38,1,1.0,312702.0,312702.0
yu kuai,40,1,1.0,1429581.0,1429581.0
Yuantian Tang,36,1,1.0,10865319.0,10865319.0
Wen Congyang,32,1,4.0,12713807.0,112375034.5
Wei Hu(Xavier),32,7,16.71060606060606,188869307.5409091,295772990.55
Tuong Lien,47,3,3.0,11292664.0,11292664.0
Sai Praneeth,21,3,5.0,144529468.0,153021553.0
Qiuxu Zhuo,35,4,4.0,42627417.0,42627417.0
Pramod Kumar,32,4,6.777777777777778,81318710.0,187156479.0
Pierre Morel,44,4,4.333333333333333,39939190.0,40603915.0
Philippe Schenker,34,1,1.0,1130250.0,1130250.0
Phil Carmody,32,1,1.0,17415149.0,17415149.0
Pavel Belous,32,1,1.0,1827035.0,1827035.0
Nikita Danilov,33,3,3.25,7167781.0,9264085.0
Morten Rasmussen,32,3,3.666666666666667,68722732.66666667,92489715.0
Michael Guralnik,38,2,2.0,5760867.0,5760867.0
Lars Poeschel,32,2,2.333333333333333,173417639.0,173848492.0
Kevin Coffman,32,1,2.0,184796093.0,253414456.0
Kamil Konieczny,33,1,1.0,610870.0,610870.0
Jonathan Austin,32,1,1.0,20452008.0,20452008.0
Jike Song,32,3,7.833333333333333,15686168.166666668,44154502.166666664
Igor Konopko,32,1,1.0,908606.0,908606.0
Eugene Crosser,32,5,7.730769230769231,318269468.0,371211242.7692308
Eric Whitney,45,1,1.0,6682977.0,6682977.0
Dominique Martinet,34,1,1.0,11056129.0,11056129.0
Dmitry Bogdanov,45,6,7.2,95272325.95,115188990.0
Colin Xu,33,1,1.0,48565934.0,48565934.0
andrew hendry,32,1,1.0,266486001.0,266486001.0
Adrian McMenamin,32,1,2.0,13206000.0,398744484.0
Yufen Yu,35,2,2.0,4748486.0,4748486.0
Yang Zhang,33,2,5.5,142644393.3333333,195889485.3333333
Xue jiufei,33,1,1.0,18364340.6,18364340.6
Vandita Kulkarni,40,1,1.0,6635095.0,6635095.0
Tomasz Duszynski,36,2,2.0,7711235.0,7711235.0
Olliver Schinagl,33,3,3.0,20979086.0,20979086.0
Nadia Derbey,33,1,2.0,36770951.0,196265162.0
Mihail Atanassov,33,1,3.0,24194820.5,25821128.0
Mattias Wallin,33,1,1.0,256337748.0,256337748.0
Matthew Leach,33,2,3.0,96455157.8,167151596.0
Kever Yang,33,3,4.0,35733126.66666667,40190967.0
Iuliana Prodan,51,2,3.0,13563139.0,14147884.0
Giulio Benetti,34,1,1.0,3346296.0,3346296.0
Elise Lennion,33,1,1.048780487804878,1017210.0487804879,1069372.0
Dean Jenkins,33,1,1.2,54399273.4,57328595.0
Amritha Nambiar,34,6,6.361111111111111,63794832.5,67635603.44444445
Aleksey Makarov,33,1,1.0,10398666.0,10398666.0
Yixian Liu,40,5,5.555555555555555,37049629.222222224,37331187.0
Yauhen Kharuzhy,34,1,1.0,1275755.0,1275755.0
Satish Kharat,34,1,1.0,19054768.0,19054768.0
R Sricharan,34,3,9.714285714285715,80616158.14285713,197613870.0
Roy Pledge,35,2,2.0,7370387.0,7370387.0
Peter Hutterer,34,1,1.0,1081279.0,1081279.0
Micky Ching,34,1,1.0,118815488.0,118815488.0
Michael Wu,34,1,2.0,259245234.0,292572357.0
Matti Gottlieb,34,4,7.0,53245259.0,73995150.0
Ladi Prosek,34,2,3.3333333333333335,3765186.6666666665,10246974.0
Jian-Hong Pan,37,5,6.6,12039678.2,18718402.0
Insu Yun,34,1,1.0,4317019.0,4317019.0
Feng Wu,34,2,2.0,64686816.0,64686816.0
Dongli Zhang,37,1,1.0,642181.0,642181.0
Dmitry Kalinkin,34,1,1.0,1486653.0,1486653.0
David Matlack,36,1,1.5,117792178.5,140998506.0
David Lebrun,34,7,9.2,197746622.8,240646838.0
Chris Chiu,40,2,4.0,17118459.0,17301867.0
Alex Gartrell,34,5,9.0,191043386.0,319921006.0
Alexander Block,34,1,3.0,57118093.0,187343026.0
Aleksa Sarai,34,3,3.0,2022560.0,2022560.0
Wei WANG,35,1,1.0,56592982.0,56592982.0
Vandana Kannan,35,2,4.0,74369675.0,133826898.0
Tobias Regnery,35,3,3.0,55896173.0,55896173.0
Tina Zhang,40,3,3.8,17245050.4,26744728.0
Shanker Donthineni,35,3,3.5,52541699.0,53558503.0
Santiago Leon,35,1,2.0,21783636.0,262754065.0
Samuel Holland,65,2,2.0,31624829.0,31624829.0
Rodolfo Giometti,35,1,1.0,267758883.0,267758883.0
Riku Voipio,35,2,2.0,22310798.0,22310798.0
Rakesh Pillai,40,4,6.083333333333333,70003868.91666666,86000208.0
Nimrod Andy,35,3,5.25,84614231.5,140971891.5
Jessica Yu,38,3,3.8,95793500.0,129829493.8
Easwar Hariharan,35,1,2.0,9122137.0,9580786.0
Chuansheng Liu,35,2,2.0,195149824.0,195149824.0
Chas Williams,35,1,1.0,89580.0,89580.0
Ayala Beker,35,2,2.0,13787237.0,13787237.0
Andy Zhou,35,2,2.0,2992424.0,2992424.0
Allen Hubbe,35,1,1.0,15614774.0,15614774.0
Tim Kryger,36,2,4.0,1739626.0,48353090.0
Sonny Rao,36,1,2.0,3326457.0,4766244.0
Shengzhou Liu,36,1,1.0,75882797.0,75882797.0
Sanchayan Maity,36,3,4.0,115758421.0,145536171.0
Richard Leitner,36,2,2.0,21017377.0,21017377.0
Rashmica Gupta,36,3,3.75,50760334.5,59031230.0
Philip Yang,37,1,2.6,3570580.8,14452211.0
Nikita Yushchenko,36,3,3.0,3053708.0,3053708.0
Nick Hoath,36,1,2.0,132994879.0,144458387.0
Mike Dunn,36,1,1.5,199345343.0,281714603.0
Michael Welling,36,1,1.0,13356648.0,13356648.0
matthieu castet,36,1,2.1666666666666665,58138241.5,250620476.5
Martin Kelly,36,4,4.0,37123190.0,37123190.0
Martijn Coenen,48,1,4.0,17163160.0,62336552.0
Manikanta Maddireddy,36,2,3.0,25421045.0,74186993.0
Luca Tettamanti,36,1,1.0,251170212.0,251170212.0
Laurent Dufour,40,3,3.5,38479969.5,38409932.0
Kristina Martsenko,43,4,4.0,13818747.0,13818747.0
Ian Rogers,98,1,1.3333333333333333,6765483.666666667,6765484.0
Honghui Zhang,36,4,6.0,80638483.33333333,100408112.0
Harish Kasiviswanathan,36,2,4.5,18612418.5,52147203.0
Frederic Danis,36,2,4.071428571428571,110809383.92857143,176675879.0
Andreas Noever,36,2,3.0,152603864.0,169528644.0
Alexander Popov,37,1,1.6666666666666667,2533039.0,7599109.0
Akshu Agrawal,44,3,3.0,10576511.0,10576511.0
Adam Litke,36,1,2.0,198651893.0,231121964.0
Weihang Li,50,2,2.5,11792837.5,11792838.0
Vijay Kumar,31,2,2.75,21525722.5,25222334.0
Subhash Jadavani,38,2,2.0,322016585.0,322016585.0
Sjur Braendeland,37,1,3.0,22865735.5,149862814.0
Sami Tolvanen,52,2,2.0,19014618.0,19014618.0
Robert Shearman,37,5,6.0,109832006.0,113661213.0
Peng Hao,38,2,2.0,7299697.0,7299697.0
Matt Helsley,40,1,1.0,6036086.0,6036086.0
Kent Yoder,37,2,3.0,276562135.0,304024833.0
Kelley Nielsen,37,1,1.0,36598057.0,36598057.0
KarimAllah Ahmed,38,6,7.0,55317052.0,55400521.0
Kamal Dasu,48,7,7.5,156843437.8333333,167844573.6666667
Joonwoo Park,37,2,3.0,21689309.0,27954317.0
John Allen,40,3,3.333333333333333,28154120.0,29833731.0
Helen Koike,42,3,4.0,51113480.0,59333598.0
Helen Fornazier,37,1,1.0,60221993.0,60221993.0
Harini Katakam,37,5,8.833333333333334,96854925.5,169208811.0
Haren Myneni,60,1,1.0,56721015.0,56721015.0
Ariel Levkovich,37,4,4.916666666666667,16471822.75,24022165.75
Tushar Dave,38,2,2.0,2948522.0,2948522.0
Todd Fujinaka,38,2,2.0,47855549.0,47855549.0
Sugar Zhang,38,2,2.0,45002686.0,45002686.0
Songjun Wu,38,2,2.083333333333333,74969354.58333333,75562612.0
Shiraz Hashim,38,4,14.5,296949689.5,537455411.0
Sameeh Jubran,47,1,1.0,1019581.0,1019581.0
Phong Tran,39,1,1.0,30616301.0,30616301.0
Mahesh Rajashekhara,38,2,2.25,64949531.5,66727405.5
Jun'ichi Nomura,37,1,1.5,241871261.5,369013124.0
Jukka Rissanen,38,3,3.5,89333832.5,127313476.0
Jacob Shin,38,2,6.666666666666667,479767852.0,647840494.0
Guido Kiener,38,4,4.0,4358282.0,4358282.0
Egil Hjelmeland,38,1,1.0,1643126.0,1643126.0
